Nationality,Residence,Q4,Q5,Q6,Q8,Q9,Q10,Q11_1,Q11_2,Q11_3,Q11_4,Q11_5,Q11_6,Q11_7,Q11_8,Q11_9,Q11_10,Q11_11,Q11_12,Q12_1,Q13_1,Q14_1,Q15_1,Q16_1,Q17_1,Q19_1,Q19_2,Q19_3,Q19_4,Q19_5,Q19_6,Q19_7,Q19_8,Q19_9,Q19_10,Q19_11,Q19_12,Q19_13,Q19_14,Q19_15,Q19_16,Q19_17,Q19_18,Q19_19,Q19_20,Q19_21,Q19_22,Q19_23,Q19_24,Q19_25,Q19_26,Q19_27,Q19_28,Q19_29,Q19_30,Q20_1,Q21_1,Q22_1,Q23_1,Q24_1,Q25_1,Q26_1,Q27_1,Q28_1,Q29_1,Q30_1,Q31_1,Lextale,Wellbeing,Selfcontrol,Emotionality,Sociability,TEIQue,TVReactionsEN,TVReactionsTR,SocialMediaEN,SocialMediaTR
TR,TR,1,30,5,1,4,2,1,3,6,6,6,6,6,6,6,6,6,6,7,7,2,6,3,5,6,4,4,3,2,3,2,4,5,2,5,3,5,1,3,2,2,3,4,6,3,3,1,6,2,4,3,3,6,7,2,6,3,2,3,7,2,7,4,2,5,5,43.75,4.16667,3.66667,3.375,3.16667,3.56667,10,22,9,7
TR,TR,1,34,5,1,4,2,1,2,6,3,6,6,6,6,6,6,6,6,5,7,3,7,3,7,6,6,3,2,2,3,5,2,3,5,4,6,5,3,4,4,5,2,5,3,3,3,6,2,4,4,5,4,4,6,4,6,5,2,6,4,6,2,6,2,5,4,45,3.5,4.16667,4.75,3.83333,3.96667,21,14,11,6
TR,TR,1,34,1,1,2,2,1,3,6,6,6,6,6,6,6,6,6,6,3,5,2,1,1,3,1,5,3,4,5,5,3,6,1,1,5,4,4,3,3,4,3,4,2,6,5,6,1,2,4,6,3,4,2,2,2,5,2,5,3,4,3,2,3,4,4,3,47.5,3.5,3.33333,3.5,4.33333,3.56667,10,16,7,7
TR,TR,1,27,5,1,3,2,1,2,6,6,6,6,6,6,6,6,6,6,4,7,3,7,3,6,4,4,6,5,5,4,5,5,3,4,4,4,4,4,4,5,3,4,4,4,4,4,3,5,3,4,4,4,4,3,4,4,3,5,4,6,6,4,4,6,3,5,50,4.16667,4.16667,4,3.83333,4.1,17,19,7,11
TR,TR,2,33,1,1,1,2,1,3,6,6,6,6,6,6,6,6,6,6,2,7,1,7,1,7,2,5,2,6,5,2,6,6,3,6,3,4,6,6,2,5,3,6,3,3,2,6,2,2,6,6,2,6,2,2,1,7,1,7,5,6,1,2,3,7,3,6,50,3.16667,4.16667,4.375,4.16667,4,8,22,6,13
TR,TR,2,33,6,1,1,1,1,9,6,6,6,6,6,6,6,6,6,6,5,7,4,7,5,6,5,5,6,6,6,5,6,7,6,6,4,3,7,6,5,6,1,6,5,6,5,6,4,5,5,4,5,4,6,5,4,4,5,5,3,5,6,6,4,4,5,5,52.5,5.16667,5.5,4.875,4.83333,5.2,18,20,9,9
TR,TR,3,22,5,3,7,2,1,9,6,6,6,6,6,6,6,3,6,6,5,7,6,3,5,6,4,5,4,6,3,6,3,6,4,7,6,4,1,5,4,2,6,6,5,2,6,3,2,4,6,6,3,5,3,2,3,3,5,3,6,6,4,4,4,4,7,7,52.5,3.33333,3.83333,3.875,6.16667,4.3,18,16,11,11
TR,TR,1,32,6,1,2,1,1,2,6,6,6,6,6,6,6,6,6,6,5,7,1,1,1,1,3,4,4,5,3,4,4,4,4,4,4,4,3,2,3,4,3,4,2,4,4,5,5,3,4,5,4,5,4,3,5,4,5,4,4,4,5,3,5,2,5,4,53.75,3.66667,3.66667,3.875,4.16667,3.8,19,15,10,6
TR,TR,2,32,5,1,11,2,1,9,6,3,6,6,6,6,6,6,6,6,5,7,3,7,7,7,7,3,5,3,1,5,3,3,4,5,4,6,4,5,7,6,3,4,4,2,4,4,4,4,2,5,2,5,4,2,2,7,2,7,3,7,4,4,5,5,4,6,55,3.16667,3.83333,4.375,4.16667,4,11,25,9,11
TR,TR,2,31,5,1,1,1,1,2,6,6,6,6,6,6,6,6,6,6,5,6,5,4,4,4,4,4,5,3,4,4,4,5,5,3,5,3,3,3,5,3,4,3,5,6,6,3,5,5,3,4,3,4,4,5,3,6,4,5,4,4,6,1,2,2,3,3,55,4.33333,4.16667,4,4.16667,4.1,17,16,5,5
TR,TR,2,21,5,4,7,1,1,2,6,6,6,6,6,6,6,6,6,6,3,7,2,1,3,6,4,6,2,3,4,3,3,4,5,4,5,4,3,3,3,5,6,3,3,3,4,4,5,5,3,5,4,4,2,2,4,4,6,4,4,5,4,1,4,4,5,5,55,4.16667,3,4.625,4,3.8,18,14,9,9
TR,TR,1,32,5,1,4,1,1,9,6,6,6,6,6,6,6,6,6,6,6,7,4,2,7,5,6,6,6,6,7,5,3,6,6,7,6,2,7,6,5,6,1,6,4,6,5,3,4,4,6,5,5,4,7,5,4,7,5,7,4,6,5,3,6,7,5,6,55,5,4.33333,5,5.66667,5.16667,18,23,11,13
TR,TR,1,28,5,1,3,2,1,9,9,6,6,6,6,6,6,6,6,6,2,7,5,3,5,7,3,5,2,5,5,4,5,7,5,4,4,4,4,4,3,5,4,2,4,4,4,4,3,4,4,4,4,4,5,4,4,7,7,5,7,6,5,2,7,7,7,7,56.25,4.33333,4.16667,4.375,4,4.1,23,20,14,14
TR,TR,2,30,6,4,6,1,1,9,6,6,6,6,3,6,3,6,3,6,3,7,4,7,4,7,6,7,4,5,4,5,2,3,5,7,5,3,7,4,4,5,5,3,6,6,5,4,5,5,4,6,5,5,4,4,1,4,4,4,5,5,5,3,3,3,5,5,56.25,4.66667,4.16667,5.375,5.33333,4.76667,15,16,8,8
TR,TR,3,20,4,4,7,2,1,9,6,6,6,6,6,6,6,6,6,6,7,7,7,7,7,7,7,7,7,4,7,7,5,4,7,7,7,4,7,7,7,4,7,7,7,7,7,4,3,7,4,4,7,5,7,7,1,7,4,7,4,7,2,2,4,7,4,7,56.25,6.5,5.66667,5.5,6,6.03333,11,23,8,14
TR,TR,2,24,5,4,7,2,1,9,6,3,6,6,6,6,6,6,6,6,5,7,6,7,7,7,5,5,6,3,6,5,4,6,5,5,6,3,5,5,3,6,5,5,5,5,5,3,2,3,6,6,5,7,6,4,1,1,7,7,7,5,5,4,6,6,3,6,57.5,4.5,3.66667,5.125,5.5,4.83333,20,17,9,12
TR,TR,2,38,5,4,9,2,1,3,6,6,6,6,6,6,6,6,6,6,3,7,3,7,3,7,5,3,3,3,6,5,5,6,5,5,5,5,4,6,4,5,3,5,4,4,5,4,4,4,3,4,4,4,5,5,2,7,4,7,4,6,4,4,4,5,4,5,57.5,4.66667,4.16667,4.25,4.5,4.43333,14,24,8,10
TR,TR,1,22,5,4,4,2,1,3,6,3,6,6,6,6,6,6,6,6,6,7,6,2,3,3,7,4,4,6,3,3,4,4,5,3,2,4,7,3,5,2,6,4,5,2,5,4,4,4,4,4,4,4,4,4,5,4,5,4,6,5,4,3,2,2,2,2,57.5,3.66667,4.66667,4.75,3.5,4.13333,20,16,4,4
TR,TR,2,23,5,3,7,1,1,9,6,6,6,6,6,6,6,6,3,6,6,7,2,1,7,3,2,4,4,4,3,5,3,2,5,2,5,3,3,3,4,2,5,4,4,4,4,3,4,4,4,5,3,4,6,6,6,5,7,6,7,6,5,4,7,5,7,4,57.5,3.66667,4,3.25,4.16667,3.8,25,21,14,9
TR,TR,2,23,5,4,7,2,1,9,6,6,6,6,6,6,6,6,2,6,7,7,7,3,5,5,5,7,5,6,6,6,4,6,5,6,6,6,7,6,4,7,7,5,5,5,6,4,5,5,2,6,5,7,7,2,4,4,5,5,7,7,5,5,5,5,7,7,57.5,5.33333,4.16667,6.375,5.33333,5.43333,21,21,12,12
TR,TR,1,23,6,1,4,2,1,2,6,6,6,6,6,6,6,6,6,6,4,7,4,7,4,7,2,4,3,4,4,3,4,4,3,4,4,3,4,5,6,5,6,4,3,3,4,2,6,4,3,5,5,5,4,5,5,4,3,4,3,4,4,3,5,3,4,4,57.5,3.66667,4,4.5,3.83333,4.03333,15,15,9,7
TR,TR,1,28,5,4,6,2,1,2,6,6,6,6,6,6,6,6,6,6,3,7,1,6,3,7,3,1,7,1,7,7,1,3,4,4,7,5,4,1,7,1,3,3,4,4,3,5,5,6,3,6,7,4,5,4,1,7,3,7,3,7,7,1,3,6,3,6,58.75,5.5,3.66667,3,5,4.16667,14,22,6,12
TR,TR,1,36,5,1,1,1,1,2,6,6,6,6,6,6,6,6,6,6,4,7,4,5,3,3,4,4,5,5,6,5,4,5,5,4,5,3,4,4,5,3,5,5,5,5,5,3,5,5,4,4,5,4,5,5,3,4,4,5,4,4,4,3,4,4,4,4,58.75,4.83333,4.5,4.25,4.5,4.53333,15,16,8,8
TR,TR,1,29,5,1,2,1,1,9,6,6,6,6,6,6,6,6,6,2,7,7,6,2,6,5,6,2,7,6,7,6,6,4,6,2,6,3,5,6,6,6,6,6,6,6,6,5,5,5,5,6,5,6,6,2,5,7,6,4,7,5,6,2,6,6,6,6,60,5.33333,5.16667,5,5.16667,5.3,24,18,12,12
TR,TR,2,32,5,1,3,2,1,2,6,6,6,6,6,6,6,6,6,6,3,7,3,7,5,7,3,4,3,5,4,5,4,4,3,5,4,4,5,6,3,4,5,5,3,4,3,5,3,3,5,4,4,4,4,4,1,5,4,7,5,4,5,4,4,5,3,2,60,3.66667,4,4,4.33333,4.06667,15,20,7,7
TR,TR,2,60,5,3,1,2,1,2,6,6,6,6,6,6,6,6,6,6,3,7,4,3,2,7,5,7,4,4,4,7,2,7,4,4,5,4,5,3,5,3,7,4,4,4,7,4,4,4,5,6,4,4,6,1,4,6,5,6,5,6,6,2,5,6,4,6,60,4,3.33333,5.25,5.66667,4.56667,20,20,9,12
TR,TR,2,30,5,1,2,2,1,9,6,9,6,6,6,6,6,6,3,6,7,7,7,7,7,7,7,7,7,6,7,7,1,6,7,7,6,7,7,7,6,7,6,6,6,7,7,6,5,7,6,6,7,7,7,6,6,6,6,4,7,7,6,4,7,7,7,7,60,7,5.16667,6.5,6.5,6.36667,25,21,14,14
TR,TR,2,29,5,3,4,2,1,2,6,3,6,6,6,6,6,6,6,6,3,7,5,7,5,7,5,7,4,6,6,5,6,6,5,7,2,6,6,6,5,6,7,6,5,5,4,4,4,5,6,6,5,6,4,4,4,4,5,5,6,6,4,4,4,4,5,5,61.25,5.33333,5,5.875,5,5.3,19,19,9,9
TR,TR,3,29,5,1,3,2,1,2,6,3,6,6,6,6,6,6,6,6,1,7,7,2,7,7,7,6,5,4,6,6,2,4,6,6,5,5,4,3,5,6,5,5,6,6,5,4,5,6,4,5,4,7,5,5,3,5,6,6,7,7,4,1,6,6,7,7,61.25,5.5,4.33333,5.5,5.16667,5.06667,20,19,13,13
TR,TR,1,30,5,1,3,2,1,2,6,6,6,6,6,6,6,6,6,6,2,7,2,7,3,7,5,6,4,6,3,6,6,7,7,7,5,4,5,6,6,6,4,6,6,2,5,5,3,6,6,5,2,6,5,6,1,1,3,2,4,6,4,2,3,5,4,7,61.25,4,5.83333,5.25,5.66667,5.2,12,11,7,12
TR,TR,1,23,5,1,5,2,1,9,3,3,6,6,6,6,6,6,6,6,7,7,7,3,7,7,2,5,4,2,1,4,2,2,6,6,4,2,2,2,4,6,2,2,4,2,3,2,6,4,6,5,3,6,4,6,4,4,4,4,5,5,1,1,5,5,7,7,61.25,3,3.33333,3.875,4.66667,3.63333,14,14,12,12
TR,TR,2,70,4,4,8,1,9,9,6,6,6,6,6,6,6,6,3,6,7,7,7,7,7,7,7,7,5,3,7,7,4,6,2,4,7,7,7,6,2,7,7,7,4,7,7,4,1,7,7,7,7,6,1,7,5,7,6,7,7,6,3,2,3,2,5,7,61.25,6.16667,4,6,6.5,5.56667,21,22,8,9
TR,TR,2,41,5,1,12,2,1,9,6,3,6,6,6,6,6,6,6,6,5,7,2,7,5,5,7,1,5,3,7,7,3,6,4,6,5,6,3,1,3,7,7,5,5,6,5,4,5,5,3,6,2,7,4,1,7,7,7,7,7,7,4,5,5,7,5,7,62.5,5,3.16667,5.375,5.33333,4.63333,25,26,10,14
TR,TR,1,33,6,1,11,2,1,3,6,6,6,6,6,6,6,6,6,6,1,7,3,7,4,7,6,3,7,4,6,6,6,7,3,6,4,6,7,6,6,5,6,6,6,5,6,5,4,5,6,6,5,7,6,5,2,7,4,7,3,7,3,5,3,7,3,7,62.5,5,5.33333,5.625,5.66667,5.53333,12,26,6,14
TR,TR,2,46,5,3,1,1,1,9,6,2,3,6,6,3,6,3,3,3,5,7,7,7,7,7,5,4,5,5,7,3,4,6,6,6,6,2,6,5,5,5,5,5,4,6,4,3,6,6,5,5,6,5,6,3,2,2,5,5,7,7,2,2,3,3,7,7,62.5,5.5,4,5.25,4.83333,4.96667,16,16,10,10
TR,TR,2,32,6,4,7,1,1,9,6,6,6,6,6,6,6,6,6,6,7,7,3,3,4,5,5,6,4,2,5,1,3,3,5,3,4,6,7,3,6,1,6,4,3,6,1,1,6,5,6,7,5,5,1,5,3,5,2,4,2,3,4,2,2,3,5,4,62.5,5.33333,3.33333,4.875,3.66667,4.16667,11,14,7,7
TR,TR,2,21,5,4,7,2,1,9,6,3,6,6,3,6,6,6,6,6,7,7,7,2,7,1,7,2,5,3,1,6,4,1,7,7,4,3,6,1,1,7,5,1,4,5,7,3,7,5,7,1,4,2,4,1,7,5,7,4,7,2,7,1,7,4,7,5,62.5,4.16667,2.66667,4.625,5.33333,4.03333,28,12,14,9
TR,TR,1,23,5,2,7,2,1,3,6,6,6,6,6,6,6,6,6,6,2,1,2,4,3,5,5,4,5,2,2,5,4,2,6,4,4,3,4,3,5,4,5,2,7,7,3,3,7,7,2,3,3,3,6,5,2,3,4,2,4,2,5,2,3,2,5,5,62.5,4.66667,4.33333,4.25,3.5,4.16667,15,9,8,7
TR,TR,1,20,4,1,4,1,1,9,3,6,6,6,6,6,6,6,6,6,4,6,7,2,5,4,4,3,5,4,4,6,2,6,6,2,5,3,3,3,7,2,6,6,4,3,3,1,7,7,1,1,7,1,7,7,1,1,5,2,5,1,5,1,4,2,5,2,63.75,5,4.16667,4,3,4.2,16,5,9,4
TR,TR,2,28,6,1,3,1,1,9,6,6,6,6,6,6,6,6,6,6,7,7,7,2,3,5,5,4,3,4,3,4,3,5,5,4,3,4,3,3,3,3,3,2,2,3,4,4,3,5,3,3,5,4,3,4,5,4,5,3,5,3,3,4,4,3,3,4,65,4.16667,3.33333,3.75,3.5,3.56667,18,14,7,7
TR,TR,2,25,5,1,4,2,1,9,6,3,6,6,6,6,6,6,6,6,5,7,3,5,1,3,4,5,4,3,5,5,6,6,4,5,6,4,5,3,5,5,5,4,5,5,3,4,5,4,5,4,5,4,5,5,3,5,5,4,5,6,6,6,5,5,6,6,65,4.5,4.66667,4.875,4.66667,4.6,19,21,11,11
TR,TR,1,26,5,1,5,2,1,9,6,3,6,6,6,6,6,6,6,6,6,6,6,6,6,6,6,7,6,6,7,5,6,6,6,2,6,7,7,4,4,4,4,4,4,4,4,4,4,4,4,4,4,4,4,4,5,5,5,5,5,5,5,2,6,6,6,6,65,5.33333,4.66667,5.25,4.16667,4.83333,20,17,12,12
TR,TR,2,34,6,3,11,1,1,9,3,6,6,6,6,6,6,6,6,6,4,7,4,3,6,7,4,2,5,5,6,5,1,4,6,7,3,4,6,6,5,4,5,3,5,4,3,4,6,4,6,5,6,5,7,4,4,6,7,7,7,7,6,4,5,5,7,7,65,5,4,4.5,4.83333,4.66667,24,24,12,12
TR,TR,2,31,6,1,3,1,1,9,3,3,6,6,6,6,6,6,6,6,6,7,5,5,7,7,4,4,4,4,7,4,4,6,7,5,4,1,3,6,2,7,3,6,7,5,3,7,4,4,4,6,6,5,4,1,4,5,6,6,4,6,3,3,5,6,6,6,65,5,4.16667,4.5,4.33333,4.56667,17,20,11,12
TR,TR,2,21,5,4,7,2,1,9,6,6,6,6,6,6,6,6,6,6,5,7,4,7,4,7,7,4,3,4,7,5,3,5,4,4,5,3,4,4,3,4,4,4,4,4,4,5,3,4,4,4,4,4,2,4,2,7,6,7,6,5,6,7,4,7,6,7,65,4.33333,3.83333,4.375,4.33333,4.1,20,26,10,14
TR,TR,1,31,5,1,3,1,1,2,6,6,6,6,6,6,6,6,6,6,7,7,3,3,4,5,7,5,5,6,7,6,5,6,6,6,5,2,4,6,6,6,5,6,6,6,5,4,3,5,5,5,5,4,5,5,3,3,3,3,3,5,4,3,4,4,2,5,66.25,5.16667,5.33333,5,5.33333,5.23333,13,14,6,9
TR,TR,3,40,6,2,2,1,1,2,6,6,6,6,6,3,6,6,6,9,3,7,3,7,2,6,7,4,4,6,4,5,5,7,6,7,5,5,5,6,4,6,6,4,7,5,6,3,4,3,7,5,5,5,6,6,1,1,5,6,6,6,6,2,5,3,6,6,66.25,4.66667,5.16667,5.5,5.83333,5.26667,18,15,11,9
TR,TR,2,38,5,1,4,2,1,9,3,6,6,6,6,6,6,6,6,6,6,7,4,4,3,7,7,6,5,5,6,5,3,6,6,7,6,6,1,5,5,6,6,3,4,6,6,1,6,6,1,7,7,3,2,1,3,6,4,4,6,6,7,4,4,4,4,6,67.5,6.16667,3.16667,5.125,5.33333,4.8,20,20,8,10
TR,TR,1,33,6,1,2,1,1,9,6,6,6,6,6,6,6,6,9,6,7,7,6,6,7,7,6,7,6,4,7,6,4,7,6,7,6,2,7,7,6,7,6,7,6,6,6,7,1,6,7,7,6,2,6,6,4,4,4,4,5,5,5,1,5,5,5,5,67.5,5.5,5.5,5.375,6.5,5.8,18,14,10,10
TR,TR,1,24,5,1,4,2,1,9,6,3,6,6,6,6,6,6,6,6,5,7,2,7,2,7,5,2,6,3,6,7,2,2,5,2,6,7,4,2,6,4,6,6,6,6,6,4,5,5,6,4,5,3,5,5,2,7,3,7,2,7,4,4,3,7,3,7,67.5,5.66667,4.33333,3.875,5.16667,4.7,11,25,6,14
TR,TR,2,26,5,4,7,1,1,9,6,6,6,6,3,6,6,6,6,6,5,7,5,1,4,3,7,7,7,7,7,7,4,7,6,7,6,5,3,5,7,7,6,7,6,6,6,2,6,6,2,7,6,7,6,5,4,3,4,5,4,5,3,2,4,3,5,3,67.5,6,5.16667,6.25,5.83333,5.9,15,15,9,6
TR,TR,1,21,4,4,7,2,1,9,6,3,6,6,6,6,6,6,6,6,5,6,5,2,4,6,7,6,6,3,6,7,3,6,6,5,6,3,7,6,5,6,6,6,7,7,7,4,4,6,5,7,7,7,7,6,4,4,6,3,6,3,1,1,5,4,6,6,67.5,5.83333,4.66667,6.125,6.16667,5.8,17,11,11,10
TR,TR,1,27,5,1,3,2,1,9,6,6,6,6,6,6,2,6,2,6,7,7,7,7,7,7,5,1,4,7,6,4,1,4,7,1,4,5,5,7,7,2,2,4,7,7,4,1,6,7,1,3,7,3,7,3,1,7,5,6,4,6,7,3,1,6,5,7,68.75,6.5,4.33333,3.5,2.83333,4.4,17,22,6,13
TR,TR,2,33,5,1,11,2,1,9,6,6,6,6,6,6,6,6,6,3,4,7,4,7,5,7,6,4,4,4,5,5,4,6,6,6,6,2,6,6,5,6,5,5,6,7,5,4,4,5,6,6,6,5,6,6,2,5,4,5,4,5,4,4,2,4,4,6,68.75,5.16667,4.83333,5.25,5.66667,5.23333,14,19,6,10
TR,TR,2,23,5,4,11,2,1,9,6,6,6,6,6,6,6,6,6,6,6,7,6,5,5,6,6,2,4,5,5,5,3,6,6,3,5,3,7,4,4,7,6,2,4,5,6,5,5,2,5,5,5,7,5,5,3,6,6,5,6,6,6,4,4,6,6,6,68.75,4.33333,4.33333,5.75,4.83333,4.73333,21,21,10,12
TR,TR,2,29,5,2,2,2,1,9,2,6,6,6,6,6,6,6,6,6,7,7,2,2,7,7,4,5,4,4,3,4,4,4,5,4,4,4,7,4,3,5,5,3,4,3,5,3,4,3,4,5,4,5,3,2,4,5,5,5,6,6,5,3,4,5,6,6,68.75,3.66667,3.33333,4.875,4.33333,4.03333,20,19,10,11
TR,TR,1,23,5,4,7,2,1,9,6,3,6,6,6,6,6,6,6,6,5,7,4,3,4,4,7,5,6,6,6,6,5,6,5,6,5,3,4,5,5,4,5,6,4,7,6,2,4,6,6,5,5,4,6,4,3,4,5,4,5,5,4,3,4,4,5,4,68.75,5.33333,4.33333,4.875,5.66667,5.13333,17,16,9,8
TR,TR,1,33,4,1,4,2,1,9,6,6,6,6,6,6,6,6,6,6,3,7,4,2,7,7,4,4,4,4,4,4,3,5,4,4,5,3,3,3,4,4,5,3,4,4,3,5,5,7,1,3,4,3,4,4,4,1,4,4,7,7,3,1,4,7,4,3,70,4.33333,4,4.125,3.33333,3.9,18,13,8,10
TR,TR,1,29,6,1,3,2,1,2,6,6,6,6,6,6,6,6,6,6,2,7,5,2,4,5,2,6,6,5,4,7,7,7,6,7,6,6,2,5,5,5,4,6,5,4,5,5,4,4,6,5,4,5,5,3,1,1,4,4,4,4,4,2,4,4,4,4,70,4.66667,5,4.375,6,5.03333,13,11,8,8
TR,TR,1,32,5,1,3,1,1,9,6,3,6,9,6,3,6,2,6,6,5,7,3,7,5,7,6,5,7,6,7,6,2,6,6,6,5,4,2,3,5,6,5,4,6,3,5,4,6,5,2,6,5,4,5,4,3,7,5,7,4,7,5,4,5,2,5,7,70,5,4.5,5,5,4.86667,17,25,10,9
TR,TR,2,42,6,3,1,1,1,9,3,6,6,6,6,6,6,2,6,3,7,7,7,7,7,7,5,7,6,4,7,7,1,5,7,5,6,1,4,7,7,3,7,7,5,7,4,5,6,6,4,6,7,7,5,2,4,4,5,6,6,6,7,1,6,6,5,6,71.25,5.83333,4,5.5,5.33333,5.33333,22,17,11,12
TR,TR,2,22,5,4,7,2,1,2,6,6,6,6,6,6,6,6,6,3,6,7,3,6,4,7,7,3,4,6,6,3,5,5,6,6,3,7,7,4,6,4,4,6,4,6,4,5,3,2,4,4,4,4,6,5,3,3,5,5,5,4,4,5,5,5,6,5,71.25,5.16667,5.16667,4.625,4,4.76667,17,17,11,10
TR,TR,2,22,5,4,6,1,1,9,6,3,6,6,6,6,6,6,3,6,6,7,5,5,4,6,5,5,6,6,7,6,6,7,5,6,5,4,6,6,6,7,6,6,6,7,6,7,3,6,7,6,7,7,6,1,4,5,6,6,6,4,6,5,4,5,5,6,71.25,6,5.33333,5.75,6,5.8,22,20,9,11
TR,TR,1,34,2,1,4,2,1,3,6,6,6,6,6,6,6,6,6,6,3,7,2,7,3,7,5,6,4,5,2,2,4,1,7,1,3,6,4,5,7,5,4,3,3,7,6,2,1,6,3,4,6,6,4,7,3,5,6,7,6,6,4,4,4,4,5,5,71.25,5.66667,4.66667,4,3.16667,4.3,19,22,9,9
TR,TR,1,30,6,1,1,1,1,9,6,2,6,6,6,6,6,6,6,6,7,7,7,2,7,7,7,6,3,3,7,3,4,5,6,6,6,4,6,6,5,6,5,6,6,6,3,2,4,5,4,6,5,6,6,6,6,4,6,6,7,7,2,1,6,5,6,6,71.25,5.5,4.33333,5.625,4.66667,5.1,21,18,12,11
TR,TR,2,23,5,1,7,2,1,9,6,3,6,6,3,6,6,6,6,3,7,7,7,2,7,6,7,4,6,3,7,7,2,2,4,6,6,3,5,5,5,4,7,5,6,7,7,3,6,6,3,5,6,5,7,7,7,7,5,7,7,3,1,1,7,7,7,3,71.25,5.5,4.33333,5,5.66667,5.2,20,18,14,10
TR,TR,2,38,6,1,3,2,1,9,9,3,6,6,2,6,6,6,6,6,6,7,6,2,3,5,4,4,5,4,6,3,4,6,5,5,5,4,6,6,5,6,5,6,5,7,5,2,5,5,4,5,5,4,7,5,4,2,5,5,5,5,4,4,4,4,4,4,72.5,5.33333,4.16667,5,4.5,4.93333,18,16,8,8
TR,TR,1,34,5,1,2,2,1,9,3,6,6,6,6,6,6,6,6,6,7,7,5,5,7,7,5,2,5,6,7,7,6,3,7,6,4,4,4,6,5,6,3,6,5,7,7,4,2,6,7,4,6,6,7,6,1,1,2,3,4,6,4,4,1,1,5,7,72.5,6.16667,5.33333,3.875,5.83333,5.3,11,14,6,8
TR,TR,2,20,5,4,7,2,1,2,6,6,6,6,6,6,6,6,6,6,5,7,5,6,6,7,6,5,2,3,2,4,6,2,3,4,4,3,3,3,2,5,6,2,5,2,5,3,5,3,2,5,3,3,1,5,5,7,7,7,7,7,6,6,6,6,7,7,72.5,2.66667,4,4.375,4,3.56667,25,27,13,13
TR,TR,2,22,5,2,1,1,1,9,6,6,6,6,6,6,2,6,9,6,7,7,1,1,7,1,7,1,7,1,1,7,1,1,7,1,7,1,1,1,7,1,7,1,7,7,7,1,7,7,1,1,7,1,7,7,7,7,7,7,7,7,7,7,7,7,7,7,72.5,5,4,3.25,4,4,28,28,14,14
TR,TR,1,31,6,1,2,1,1,9,6,6,6,6,6,6,6,6,6,6,4,7,3,7,4,7,5,5,4,3,2,4,6,2,7,5,2,4,6,7,3,5,6,3,5,5,5,5,4,3,6,2,7,6,5,2,1,2,4,4,6,6,4,3,1,3,5,7,72.5,4.66667,4,4.875,4,4.46667,15,15,6,10
TR,TR,2,48,6,1,1,2,1,9,6,6,6,6,6,6,6,6,6,6,7,7,7,4,7,5,7,1,6,6,7,6,5,6,7,1,6,2,7,7,2,6,6,6,6,7,6,6,6,6,2,6,6,6,6,3,4,4,4,4,4,4,3,3,4,4,4,4,73.75,5.83333,4.66667,5.625,4.5,5.33333,15,15,8,8
TR,TR,2,28,6,4,7,2,1,2,6,6,6,6,6,6,6,6,6,6,4,7,6,2,6,6,5,6,2,5,5,3,6,6,5,6,3,6,7,5,2,6,6,4,3,3,2,5,3,5,4,2,4,5,5,3,2,5,4,5,6,2,5,4,3,5,5,5,73.75,4.66667,4,5.5,3.33333,4.4,17,16,8,10
TR,TR,2,30,6,1,3,2,1,9,6,6,6,6,6,6,6,6,6,6,7,7,7,2,7,2,7,7,2,3,2,3,5,7,6,3,5,1,5,3,3,2,7,1,4,2,2,2,7,6,5,4,3,3,2,1,7,7,7,4,7,7,5,3,5,5,7,3,73.75,3.33333,3,5.625,3.66667,3.76667,26,21,12,8
TR,TR,2,22,5,2,7,2,1,2,6,6,6,6,3,6,6,6,6,6,5,7,5,3,5,5,4,7,4,5,4,5,4,4,4,5,5,4,4,4,4,4,4,4,3,4,4,4,5,4,4,4,4,4,5,5,4,4,4,4,4,4,4,4,4,4,5,4,73.75,4,4.16667,4.5,4.5,4.3,16,16,9,8
TR,TR,2,31,6,1,2,2,1,9,3,3,6,6,6,6,6,6,6,6,6,7,3,7,6,7,6,7,5,6,4,6,6,6,6,5,5,5,7,7,4,7,7,7,5,4,5,6,6,5,6,7,4,7,6,2,5,7,5,7,4,5,6,5,4,6,4,5,75,4.66667,4.83333,6.625,5.66667,5.63333,20,24,8,11
TR,TR,2,32,5,1,3,2,1,9,6,6,6,6,6,6,6,6,2,6,7,7,5,3,6,5,7,6,4,3,4,5,6,6,5,7,6,6,6,6,6,4,6,4,6,4,7,5,3,6,6,6,5,7,6,3,3,6,5,4,7,6,5,2,5,3,6,6,75,5,4.83333,5.625,6.16667,5.36667,20,18,11,9
TR,TR,1,31,6,1,1,1,1,9,6,6,6,6,6,6,6,6,6,6,3,7,2,4,7,7,5,5,6,4,6,5,6,6,7,7,4,6,4,6,6,6,4,6,4,5,5,4,2,5,7,4,5,6,4,5,1,1,1,2,3,5,4,2,1,1,5,5,75,5.66667,4.83333,4.75,5.33333,5.16667,9,10,6,6
TR,TR,1,43,6,1,3,2,1,2,6,6,6,6,6,6,6,2,6,6,7,7,7,7,7,7,5,2,3,4,4,4,5,6,6,4,4,4,6,4,4,6,4,4,4,4,2,5,4,4,5,4,4,4,4,2,3,5,5,6,6,6,2,2,4,4,4,4,75,4.33333,4,4.625,3.83333,4.16667,16,19,8,8
TR,TR,1,31,5,1,2,2,1,9,6,6,6,6,6,6,6,6,6,6,5,6,5,6,6,6,6,6,6,1,7,6,5,5,6,6,4,3,3,5,6,6,5,6,6,7,2,5,2,6,7,7,6,6,5,7,4,5,5,6,5,6,5,1,5,3,6,6,76.25,5.83333,5,4.875,5.33333,5.26667,19,18,11,9
TR,TR,2,22,5,4,7,2,1,9,6,3,6,6,6,6,6,6,6,6,5,7,7,3,5,3,7,7,5,7,7,6,3,7,7,7,5,7,7,7,5,7,7,6,3,7,6,7,7,5,6,6,7,7,7,5,2,2,6,6,6,3,2,2,3,3,6,3,76.25,6.66667,5,7,6,6.23333,16,13,9,6
TR,TR,2,45,6,1,12,2,1,2,3,6,6,6,6,6,6,6,6,6,5,7,3,7,4,7,5,4,6,4,6,5,4,5,4,4,6,3,5,4,4,4,3,3,6,6,4,5,5,5,4,4,5,4,5,5,3,5,5,5,6,6,5,4,5,6,5,6,77.5,4.83333,4.66667,4.375,4.5,4.56667,19,20,10,12
TR,TR,1,43,5,1,3,1,1,9,6,6,6,6,6,6,6,6,6,6,3,7,3,7,4,7,6,3,5,3,6,7,6,5,5,6,4,6,2,6,7,6,5,3,6,5,4,5,2,5,6,3,6,4,7,5,4,4,5,4,4,5,5,4,5,5,5,5,77.5,5.5,5.33333,4.125,5,4.96667,18,17,10,10
TR,TR,1,28,5,1,3,2,1,9,6,2,6,6,6,6,6,6,6,6,7,7,5,4,7,7,5,3,4,6,6,6,3,6,6,7,5,7,6,6,6,6,5,6,6,5,5,3,2,6,7,5,5,6,5,5,2,5,5,5,6,6,6,1,3,3,6,6,77.5,5.83333,4.83333,4.875,5.83333,5.3,19,17,9,9
TR,TR,1,29,5,1,2,2,1,9,2,6,6,6,6,6,6,6,6,6,5,7,7,7,2,7,6,6,4,2,5,7,3,4,4,4,3,4,7,6,5,1,4,3,6,5,6,3,2,3,2,1,4,6,6,5,2,3,5,5,5,6,6,2,4,5,5,6,78.75,4.16667,4,4.5,3.83333,4.23333,18,16,9,11
TR,TR,1,24,5,1,4,1,1,9,3,3,6,6,6,6,6,3,6,6,7,7,7,2,7,3,6,7,6,5,4,6,4,6,6,6,6,4,5,7,5,7,6,6,4,5,6,6,6,6,2,7,7,6,7,4,5,5,6,5,6,6,6,3,5,5,6,4,80,5.33333,4.66667,6.125,5.5,5.6,23,19,11,9
TR,TR,1,21,2,4,7,2,1,2,6,3,6,6,3,6,6,3,6,3,3,7,6,1,1,2,7,5,7,5,5,6,3,5,5,7,6,7,4,6,5,6,7,7,7,5,5,5,3,6,6,6,6,5,5,7,2,1,5,2,7,2,6,4,2,1,7,2,80,5.66667,5.33333,5.25,6,5.63333,20,9,9,3
TR,TR,2,24,5,1,3,2,1,9,2,6,6,6,6,6,6,3,6,6,5,7,6,6,6,7,6,7,4,4,6,4,5,4,6,5,4,3,4,6,4,4,7,4,7,5,6,4,7,5,6,6,3,4,6,2,3,3,2,2,5,4,4,2,4,4,4,4,81.25,4.66667,4.33333,5.375,5.16667,4.93333,14,11,8,8
TR,TR,2,30,6,1,3,1,1,9,3,6,6,6,6,6,6,6,6,6,5,7,7,7,5,7,7,2,6,6,1,4,3,6,6,4,3,3,7,4,3,3,4,5,4,3,4,4,4,4,3,5,2,4,5,2,3,3,6,6,3,4,3,4,3,3,4,4,81.25,3.16667,3.66667,4.625,3.83333,4.03333,15,17,7,7
TR,TR,1,22,5,4,7,2,1,2,6,6,6,6,6,6,6,3,6,6,6,7,6,6,7,6,4,4,5,3,5,5,5,6,4,5,3,3,5,4,5,5,4,5,3,3,5,3,4,3,5,3,5,6,4,3,3,5,5,6,5,5,4,4,5,5,5,5,81.25,3.83333,3.66667,4.75,4.33333,4.23333,17,20,10,10
TR,TR,1,31,6,1,11,1,1,9,6,6,6,6,6,6,6,6,6,6,3,7,6,6,7,7,5,6,5,5,5,6,2,5,5,5,4,5,6,5,5,4,5,3,5,5,4,4,3,3,5,6,5,5,5,5,4,4,5,5,5,5,5,5,5,5,5,5,82.5,4.66667,4.33333,4.875,5,4.7,19,19,10,10
TR,TR,2,47,2,1,4,2,1,2,6,6,6,6,6,6,6,6,6,6,3,7,1,7,3,7,4,5,6,4,7,1,1,7,7,4,4,4,1,2,1,7,4,5,2,2,4,3,3,5,4,4,5,4,6,1,1,2,4,4,6,6,6,1,3,5,5,5,82.5,5,2,4.375,3.5,3.9,17,13,8,10
TR,TR,2,22,5,4,6,2,1,9,6,6,6,6,6,6,6,6,3,6,5,7,5,2,5,3,5,4,2,3,4,1,4,3,6,7,7,4,6,4,5,7,4,4,2,4,5,7,6,6,5,7,4,7,6,7,2,6,5,3,4,2,5,1,5,3,7,3,82.5,4.66667,4.66667,5.25,5.33333,4.86667,16,12,12,6
TR,TR,1,26,5,1,3,2,1,9,6,3,6,6,6,6,6,6,3,6,4,7,2,2,5,7,4,6,4,5,4,4,5,6,4,5,3,5,7,5,3,5,5,5,3,3,4,4,4,3,6,4,3,4,3,4,3,3,4,4,5,5,5,4,4,4,4,4,83.75,3.66667,4,5.125,4.33333,4.33333,17,16,8,8
TR,TR,1,27,5,1,12,1,1,9,6,6,6,6,6,6,6,6,6,6,5,7,6,7,7,7,6,3,6,4,5,6,4,6,6,5,6,4,5,6,6,5,5,6,6,5,7,4,6,6,4,4,4,5,6,6,5,6,6,7,4,7,6,5,6,6,7,5,83.75,5,5,5.125,5.33333,5.23333,21,25,13,11
TR,TR,2,30,5,1,1,1,1,9,6,3,6,6,6,3,6,6,6,3,7,7,7,1,7,7,7,5,4,6,1,7,4,5,5,7,4,4,7,5,2,7,7,3,7,6,3,3,5,4,4,5,5,3,7,1,7,7,7,7,7,7,6,4,7,7,7,7,83.75,4.16667,3.83333,5.75,5,4.76667,27,25,14,14
TR,TR,1,27,5,1,3,1,1,9,6,6,6,6,6,6,6,6,6,6,5,7,6,5,7,7,7,3,7,7,7,6,4,6,7,3,5,7,7,6,6,6,6,6,6,7,7,6,5,7,6,4,6,6,7,6,5,6,6,6,6,4,6,3,5,5,6,6,85,6.83333,5.83333,5.75,5.16667,5.96667,23,19,11,11
TR,TR,2,23,5,4,7,2,1,9,6,6,6,6,6,6,6,6,3,6,4,7,6,2,5,6,7,6,4,2,4,4,4,3,4,4,5,4,7,5,4,7,5,4,3,4,5,5,5,4,4,6,4,6,5,2,2,3,5,3,5,4,3,2,4,4,5,4,85,4,3.33333,5.75,4.66667,4.53333,15,12,9,8
TR,TR,2,35,5,1,11,2,1,9,6,6,6,6,6,6,6,6,6,6,5,7,3,7,4,7,1,5,5,7,1,5,6,7,4,2,3,2,7,7,7,7,4,4,7,1,4,3,3,7,5,4,1,6,7,1,2,7,3,7,4,7,2,5,4,7,4,7,86.25,2.66667,5.16667,5,3.83333,4.43333,11,26,8,14
TR,TR,1,26,5,1,2,1,1,9,6,9,6,6,6,6,6,6,6,6,7,7,7,4,5,7,5,5,5,5,6,6,7,6,6,5,4,4,7,7,6,7,5,6,4,6,6,6,2,6,6,6,3,7,7,1,2,2,2,2,5,5,6,5,2,2,5,5,86.25,5.16667,4.83333,5.5,5.5,5.4,15,14,7,7
TR,TR,2,39,5,1,1,2,1,9,6,6,6,6,6,6,6,6,6,6,5,7,4,6,6,7,7,7,6,7,7,7,7,7,7,7,7,7,7,7,6,7,7,7,7,7,7,7,6,7,7,7,7,7,7,5,6,7,7,7,5,7,5,6,6,7,7,7,86.25,7,6.5,6.875,7,6.83333,23,27,13,14
TR,TR,2,24,5,4,7,2,1,2,6,3,6,6,6,6,6,6,6,6,5,7,3,7,3,7,7,3,4,5,7,5,6,6,4,4,4,7,7,6,7,7,2,3,7,7,4,7,7,5,5,5,7,7,7,7,3,5,5,5,7,7,6,4,5,3,6,5,86.25,6.16667,6.5,5.75,4.5,5.63333,21,21,11,8
TR,TR,1,23,5,2,2,2,1,9,6,3,6,6,3,6,6,6,6,6,6,6,4,1,5,7,3,6,5,2,4,6,5,3,6,3,5,3,4,3,3,2,7,5,4,5,5,3,5,5,5,4,5,3,5,2,3,5,5,6,7,7,3,2,6,6,7,7,86.25,4.66667,3.16667,4.125,4.66667,4.2,18,20,13,13
TR,TR,2,21,5,4,7,2,1,2,6,6,6,6,3,6,6,6,6,6,6,7,5,3,5,7,6,6,4,4,6,4,2,2,3,5,3,5,6,5,2,5,2,4,3,4,4,3,6,3,4,6,4,5,6,6,4,4,5,3,5,5,4,2,5,4,5,6,86.25,4.16667,3.33333,4.75,4.33333,4.26667,18,14,10,10
TR,TR,2,29,5,1,2,1,1,9,6,3,6,6,6,6,6,6,6,6,4,7,5,5,5,6,4,6,6,6,6,2,3,6,5,5,2,6,6,6,5,6,3,6,6,6,5,3,4,5,4,6,5,5,6,6,3,5,4,4,5,5,3,3,5,5,5,6,87.5,5.5,4.83333,5,4,5,15,17,10,11
TR,TR,2,28,5,4,7,1,1,9,6,6,6,6,6,6,6,2,3,6,5,7,5,5,5,5,4,4,4,4,4,4,4,4,4,4,4,4,4,4,4,4,4,4,4,4,4,4,4,4,4,4,4,4,4,4,4,4,4,4,4,4,4,4,4,4,4,4,87.5,4,4,4,4,4,16,16,8,8
TR,TR,2,38,5,1,11,2,1,9,6,6,6,6,6,6,6,6,6,6,7,7,7,1,7,3,5,6,5,5,5,5,5,5,7,5,5,5,6,4,4,7,7,4,7,6,4,7,4,5,5,5,5,7,5,4,5,7,5,4,6,5,4,4,5,4,6,4,88.75,5.5,5.33333,5.875,4.83333,5.3,20,20,11,8
TR,TR,1,26,6,4,7,2,1,1,6,6,6,6,6,6,6,6,6,6,7,7,7,2,7,1,7,7,7,3,7,7,3,6,7,7,7,4,7,7,3,7,7,3,3,6,7,3,7,7,7,7,7,7,7,6,1,4,7,4,7,1,4,1,7,1,7,1,90,6.33333,3.5,6.875,7,6,19,10,14,2
TR,TR,2,30,5,3,12,1,1,9,6,3,6,6,6,6,6,6,6,6,5,7,7,5,5,4,5,5,7,5,6,6,6,4,7,1,6,3,5,6,5,4,5,6,4,5,6,4,3,5,5,5,5,4,6,3,3,3,6,4,6,5,5,2,5,5,7,6,91.25,5.16667,4.5,4.375,4.83333,4.9,20,14,12,11
TR,TR,1,26,6,1,3,1,1,9,6,3,6,3,6,6,6,6,6,6,6,7,7,4,6,7,7,6,5,6,6,6,5,6,6,7,4,5,7,5,3,6,6,6,5,5,6,3,6,6,5,6,4,6,5,4,5,7,5,3,5,3,4,2,4,2,6,5,91.25,5.33333,4.33333,6.25,5.66667,5.43333,19,15,10,7
TR,TR,2,31,6,1,1,2,9,9,6,2,6,6,6,6,6,6,6,6,7,7,7,4,7,7,7,7,7,4,7,1,5,7,7,6,7,5,7,7,5,5,4,7,6,5,3,4,4,7,2,6,6,6,6,7,4,4,6,5,7,7,5,3,5,5,7,5,92.5,6.16667,5.16667,5.875,4.16667,5.56667,22,19,12,10
TR,TR,2,40,6,1,2,2,1,9,6,6,6,6,6,6,6,6,6,6,7,7,7,1,4,7,4,6,6,4,5,5,6,6,6,6,5,6,6,4,5,6,6,6,4,5,4,4,5,6,6,6,6,6,5,2,4,4,5,5,5,5,5,4,4,4,5,6,92.5,5.66667,4.16667,5.625,5.33333,5.23333,19,18,9,10
TR,TR,2,29,5,1,3,1,1,2,6,6,6,6,6,6,6,6,6,6,7,7,7,7,7,7,5,7,5,6,4,7,3,3,5,7,4,5,4,6,5,4,4,6,6,4,4,6,5,5,7,4,4,4,6,1,4,7,7,7,7,7,5,3,7,7,7,7,93.75,4.5,4.5,4.5,5.5,4.86667,23,24,14,14
TR,TR,1,32,6,1,1,1,1,9,6,6,6,6,6,6,6,6,6,6,4,7,3,4,7,7,5,6,4,3,5,4,4,5,5,2,4,3,6,3,3,7,6,3,4,5,5,3,4,2,5,5,5,6,2,3,5,6,6,6,6,7,6,3,5,6,7,7,93.75,4.16667,3.33333,5.625,4.16667,4.23333,23,22,12,13
TR,TR,2,26,5,1,3,2,1,9,3,6,6,6,9,6,6,6,3,6,7,7,7,5,6,6,5,6,4,5,6,6,4,5,7,6,6,5,7,6,5,6,6,6,3,3,7,6,4,6,4,5,4,7,7,5,4,4,6,2,6,4,3,3,5,4,5,3,93.75,5.16667,4.66667,5.75,5.66667,5.4,19,13,10,7
TR,TR,2,28,5,1,2,2,1,9,3,3,6,6,6,6,6,3,6,6,7,7,7,4,7,7,7,7,7,7,6,6,6,6,7,7,6,7,6,7,5,4,6,7,6,6,5,6,2,7,6,6,7,5,6,4,4,6,7,4,7,7,7,4,7,7,7,7,93.75,6.66667,5.66667,5.375,6,6,25,21,14,14
TR,TR,1,33,6,1,3,1,1,9,3,6,6,6,6,6,3,6,6,6,7,7,6,6,7,7,7,6,5,3,6,6,2,6,7,2,7,7,6,6,4,7,6,6,6,6,6,2,5,7,6,5,6,6,6,5,4,5,7,7,6,7,7,4,5,5,6,7,93.75,6.5,3.66667,6.125,5.33333,5.5,24,23,11,12
TR,TR,2,31,6,1,11,2,1,9,3,3,6,6,6,6,6,6,6,6,6,7,6,4,6,6,5,6,6,3,5,4,3,3,5,6,4,6,7,6,2,4,6,6,4,5,6,4,5,5,3,5,5,6,6,6,5,5,5,5,6,6,4,3,5,5,6,6,93.75,5.16667,3.66667,5.25,4.66667,4.9,20,19,11,11
TR,TR,1,21,5,4,7,2,1,2,6,6,6,6,6,6,6,6,6,6,3,7,1,2,5,6,5,7,5,5,3,7,4,5,4,7,6,5,5,6,5,5,6,6,5,5,7,6,4,2,7,5,5,5,7,7,1,5,4,4,4,5,5,5,3,3,5,5,95,4,5.33333,5.25,6.5,5.36667,14,19,8,8
TR,TR,2,28,6,1,3,1,1,9,6,2,6,6,6,6,6,6,2,6,7,7,7,1,6,2,6,6,5,6,7,7,7,7,5,7,5,7,7,7,5,6,5,5,7,6,4,5,3,4,5,5,6,3,7,6,6,7,7,6,7,7,7,4,7,7,7,7,96.25,5.83333,6,5.375,5.5,5.7,27,24,14,14
TR,TR,2,23,5,4,7,2,9,9,6,3,6,6,6,6,6,6,6,6,6,6,7,1,7,6,7,7,6,3,6,7,4,2,7,7,5,6,7,5,4,5,5,6,6,5,5,6,5,7,7,6,5,7,7,4,7,7,5,5,7,4,6,4,5,5,6,5,96.25,6,4.5,5.625,6.16667,5.63333,25,20,11,10
TR,TR,1,35,6,1,3,2,1,9,6,3,6,6,6,6,6,6,6,6,7,7,7,3,2,6,4,2,2,2,2,4,2,5,6,3,4,3,6,4,5,6,2,2,4,3,6,3,5,4,6,4,7,5,1,7,3,3,3,3,4,4,3,3,1,1,4,6,97.5,4.16667,3.83333,4.375,4.5,3.96667,13,13,5,7
TR,TR,2,52,6,4,8,1,1,9,2,6,6,6,6,6,6,3,6,6,7,7,7,7,7,6,5,6,5,3,5,5,3,6,5,5,5,5,6,6,5,7,5,5,5,5,4,4,5,5,4,6,5,5,5,5,6,6,7,7,7,7,5,4,5,5,6,6,97.5,5,4.16667,5.625,4.83333,5,25,24,11,11
TR,TR,1,27,6,1,3,1,1,9,3,3,6,6,6,6,6,6,6,6,7,7,7,2,7,4,7,7,5,6,7,6,5,7,7,7,6,4,7,7,5,7,7,7,6,5,7,6,2,5,7,5,7,7,7,6,5,6,6,6,6,6,5,2,6,6,6,6,98.75,5.83333,5.66667,6.375,6.33333,6.13333,22,20,12,12
TR,NL,2,55,5,2,2,2,1,9,6,6,6,6,6,6,6,6,6,6,7,7,3,4,5,5,6,7,4,3,3,5,7,6,7,2,4,4,4,4,4,6,3,5,3,4,7,4,4,2,7,3,7,7,7,5,5,6,5,6,5,7,7,2,4,4,5,5,33.75,4.5,4.33333,5.375,4.66667,4.8,22,21,9,9
TR,NL,2,40,6,1,2,1,1,9,6,3,6,6,3,6,6,6,6,6,7,7,7,7,7,7,7,7,7,7,7,7,2,7,7,6,6,7,7,7,7,7,7,7,7,7,7,5,4,7,4,6,7,7,7,7,7,7,7,7,7,7,7,7,7,7,7,7,48.75,7,5.83333,6.625,6,6.46667,28,28,14,14
TR,NL,2,36,5,2,3,1,1,2,6,6,6,6,6,6,6,6,6,6,4,2,5,6,6,5,5,6,7,6,7,6,4,6,6,6,6,2,3,6,5,6,6,2,6,6,6,2,6,6,3,6,5,6,6,5,5,7,5,7,3,7,5,7,4,7,5,7,50,5.33333,4.66667,5.5,5.5,5.26667,18,28,9,14
TR,NL,2,43,4,4,1,2,1,3,6,1,6,6,6,6,6,6,6,6,3,7,1,7,7,7,4,4,4,1,1,4,4,4,4,4,4,4,4,4,4,4,4,4,4,4,4,4,4,4,4,4,6,4,4,5,4,4,4,3,4,4,4,3,4,4,4,4,51.25,3.83333,3.66667,4,4,3.9,16,14,8,8
TR,NL,2,42,6,3,11,2,1,2,6,3,6,6,6,6,6,6,6,6,3,7,2,2,2,6,7,6,5,6,7,5,5,7,6,6,6,6,6,6,5,4,4,6,6,7,7,4,4,6,4,6,5,6,6,5,5,7,7,7,5,7,6,6,4,7,5,7,52.5,6.16667,5.16667,5.5,5.66667,5.63333,23,27,9,14
TR,NL,2,39,5,4,6,2,1,9,6,6,6,6,6,6,6,6,6,6,6,7,3,4,2,6,3,4,3,4,6,6,4,6,5,5,2,5,7,5,5,5,3,5,3,5,2,5,2,6,6,4,5,7,7,6,1,5,2,4,5,7,7,3,1,3,3,6,53.75,5.33333,4.5,4.625,4.16667,4.7,15,19,4,9
TR,NL,2,42,5,4,10,2,1,9,6,6,6,6,6,6,3,6,6,6,5,6,4,4,5,6,7,6,6,6,7,6,5,6,6,7,5,3,5,6,3,6,4,6,6,7,3,4,6,5,4,4,5,4,5,5,5,7,5,7,5,6,6,4,5,7,5,7,53.75,5.5,4.83333,5.5,4.83333,5.26667,21,24,10,14
TR,NL,2,26,6,1,4,1,1,9,6,6,6,6,6,6,6,3,6,6,6,6,1,1,6,6,5,5,5,5,6,5,4,5,5,5,5,3,6,5,5,4,5,5,6,5,5,5,5,5,5,5,6,5,5,6,4,4,5,5,6,6,4,2,6,5,5,6,53.75,5,5.16667,5,5,5.03333,19,17,11,11
TR,NL,2,42,6,4,6,1,1,9,6,6,6,6,6,6,6,6,6,6,7,7,7,1,7,6,6,7,6,7,7,7,7,7,7,6,6,2,7,4,7,6,7,7,6,6,4,7,1,7,7,7,7,7,7,7,2,2,7,7,7,5,5,4,4,4,4,4,56.25,6,6.83333,6,6.16667,6.2,21,18,8,8
TR,NL,2,39,6,1,1,1,1,9,6,6,6,6,6,6,6,6,3,6,7,5,7,5,7,5,6,2,6,2,3,6,2,2,6,2,5,2,2,2,6,2,6,2,5,6,6,3,6,6,2,5,6,3,6,4,5,7,6,7,7,7,7,7,7,7,7,7,57.5,4.83333,3.66667,3.625,4.33333,4.06667,25,28,14,14
TR,NL,2,61,6,4,8,1,1,2,6,6,6,6,6,6,6,6,6,6,7,7,6,7,4,4,5,7,6,5,7,6,6,7,7,7,6,2,7,5,7,5,5,3,6,7,5,4,7,3,7,4,3,7,7,5,5,7,5,5,7,7,5,4,5,5,6,7,57.5,4.83333,5.5,6.25,5.83333,5.6,22,23,11,12
TR,NL,2,38,5,1,1,1,1,9,6,3,6,6,6,6,6,6,6,6,7,7,2,1,7,7,7,5,6,5,7,5,6,6,6,7,3,4,6,5,3,6,6,3,5,6,5,3,4,6,4,4,6,5,4,7,7,7,7,7,7,7,2,1,7,7,6,5,57.5,5.83333,4.83333,5.625,4.66667,5.16667,23,22,13,12
TR,NL,2,39,6,1,2,2,1,9,6,6,6,6,6,6,6,6,6,6,7,7,7,2,7,3,7,6,5,5,7,6,5,6,6,6,5,7,6,6,4,6,6,5,5,6,6,5,5,6,6,6,7,6,6,7,6,5,6,4,5,4,5,3,6,5,7,5,58.75,6.5,5.16667,6,5.83333,5.83333,22,16,13,10
TR,NL,1,41,6,1,4,1,1,9,6,6,6,6,6,6,6,6,6,6,4,7,2,5,3,4,4,5,4,4,4,4,6,6,5,4,5,4,4,3,5,4,4,4,4,5,4,3,5,4,3,3,5,3,6,5,4,6,4,6,4,7,6,2,4,5,4,7,60,4.5,4.5,4.375,3.83333,4.3,18,21,8,12
TR,NL,2,48,5,3,11,2,1,9,6,6,6,6,6,6,6,6,6,6,7,7,3,7,7,7,5,7,4,5,3,7,4,4,5,6,3,4,6,7,5,7,5,3,4,7,2,6,6,4,5,4,6,6,6,6,4,4,4,4,4,6,5,3,3,3,4,4,60,4.83333,5,5.75,4.5,5.06667,17,17,7,7
TR,NL,2,23,5,4,7,2,1,9,3,3,6,6,6,6,6,6,6,6,7,7,7,7,7,7,5,6,4,6,4,4,6,5,3,4,3,5,7,5,3,5,4,5,3,3,3,5,4,3,5,5,4,5,4,2,3,5,4,5,4,6,5,4,4,5,5,6,60,3.66667,4.16667,5.125,4,4.33333,16,20,9,11
TR,NL,2,36,5,3,9,2,1,9,6,6,6,6,6,6,6,6,6,6,7,7,6,3,4,7,5,5,4,6,7,4,4,4,5,6,3,5,7,6,4,5,5,6,3,6,5,3,5,3,5,5,5,5,6,1,2,6,6,6,7,6,5,4,6,6,6,6,60,5.16667,3.5,5.125,4.66667,4.76667,20,22,12,12
TR,NL,2,33,5,1,3,2,1,2,6,6,6,6,6,6,6,6,6,6,5,7,6,2,4,2,7,5,7,7,7,3,6,6,5,3,3,6,6,7,7,6,5,6,5,7,2,4,3,5,2,3,6,3,7,2,4,1,5,6,5,5,6,2,5,3,5,6,60,6,5.16667,5.125,2.66667,5.03333,20,14,10,9
TR,NL,2,40,6,4,8,2,1,9,6,3,6,6,6,6,6,6,6,6,6,7,3,7,7,7,7,7,7,7,7,7,4,7,7,6,7,3,7,7,6,6,7,6,6,6,7,3,4,7,7,7,7,7,7,4,1,7,6,7,3,7,7,4,6,7,7,7,61.25,6.16667,5,6.5,6.83333,6.23333,17,25,13,14
TR,NL,2,45,5,4,9,2,1,9,6,6,6,6,6,6,6,6,6,6,5,7,7,7,7,7,5,5,3,3,7,6,4,5,5,7,3,5,5,5,3,6,6,5,5,7,5,4,3,5,7,5,5,6,7,5,6,6,7,7,5,7,6,5,6,6,6,6,61.25,5.66667,4,5.125,5.5,5.06667,24,25,12,12
TR,NL,2,36,5,4,9,1,1,2,6,6,6,6,6,6,6,6,6,6,6,7,5,4,4,4,5,3,5,3,5,5,4,4,6,5,4,4,5,5,4,4,5,3,4,6,5,3,4,6,4,3,4,3,6,5,5,7,6,7,5,7,6,6,6,6,6,7,61.25,5.16667,3.83333,4.125,4.33333,4.4,22,27,12,13
TR,NL,2,46,5,1,2,2,1,6,6,3,6,6,6,6,6,6,6,6,7,7,7,3,3,4,7,5,6,6,5,5,6,6,5,6,4,5,6,6,5,6,6,7,5,6,5,4,2,5,6,6,5,7,5,2,3,3,4,4,4,5,6,2,4,4,4,4,62.5,5.16667,4.66667,5.625,5.33333,5.33333,17,14,8,8
TR,NL,2,35,6,4,3,1,1,9,1,3,6,6,6,6,6,6,6,6,5,7,4,5,7,7,7,6,6,1,7,6,4,5,5,6,5,6,5,6,5,7,6,5,4,6,5,5,7,6,5,6,5,7,7,5,4,6,6,6,5,6,5,4,4,4,6,6,62.5,5.83333,4,6.25,5.5,5.53333,20,22,10,10
TR,NL,2,34,5,2,11,1,1,9,6,6,6,6,6,6,6,6,6,6,7,7,6,7,7,7,7,7,5,1,4,4,4,7,4,3,5,3,5,6,1,6,7,6,3,4,3,6,7,3,4,5,4,6,6,3,7,7,7,7,7,7,7,4,7,7,7,5,63.75,3.66667,3,6.5,4,4.63333,28,25,14,12
TR,NL,2,32,5,2,2,2,1,2,6,6,6,6,6,6,6,6,6,6,4,6,4,5,6,6,6,5,6,6,7,6,4,6,4,6,4,6,3,6,6,6,5,3,6,6,6,4,5,5,5,5,6,4,5,5,3,5,3,6,5,6,5,3,5,5,6,6,63.75,5.66667,5.16667,5,5.33333,5.23333,16,20,11,11
TR,NL,2,36,6,3,4,2,1,9,6,6,6,6,6,6,6,6,3,6,5,7,5,3,4,6,5,5,3,4,6,4,4,6,4,5,3,5,6,6,2,6,5,5,4,5,5,6,4,4,6,4,2,6,6,2,2,5,5,6,4,7,6,6,5,6,5,6,65,4.33333,3.66667,5.375,4.5,4.6,17,24,10,12
TR,NL,1,55,6,3,12,2,1,9,6,6,6,6,6,6,6,6,6,6,7,7,7,7,7,7,7,5,6,4,6,5,6,6,5,6,5,3,6,5,6,6,6,6,6,6,5,6,5,5,6,6,6,6,6,4,3,3,4,4,5,5,4,3,4,4,5,5,65,5.16667,5.33333,5.875,5.5,5.53333,16,15,9,9
TR,NL,2,28,6,1,2,2,1,9,6,6,6,6,6,6,6,6,6,6,7,4,7,4,7,7,6,7,2,6,3,5,1,4,5,5,2,4,7,6,4,7,6,2,4,4,4,4,7,4,4,4,3,3,5,2,2,6,6,6,7,6,5,5,7,7,7,7,65,3.83333,3.5,5.875,4,4.33333,20,23,14,14
TR,NL,2,31,6,1,3,2,1,9,3,3,6,6,6,6,3,6,2,6,7,7,7,7,7,7,7,7,7,5,5,6,1,2,5,7,7,3,5,4,2,2,5,2,4,6,4,3,5,4,5,7,6,7,7,6,1,7,5,7,7,7,7,1,1,7,7,7,66.25,4.83333,3.5,5,6,4.86667,20,22,8,14
TR,NL,2,45,6,3,11,1,1,9,6,2,6,6,3,6,6,6,6,6,7,7,7,7,7,7,7,7,7,6,7,7,6,7,7,7,7,7,7,7,7,7,7,7,7,7,7,6,6,7,7,7,7,7,7,4,1,5,6,1,7,6,5,3,2,6,7,7,66.25,7,6,6.875,7,6.76667,19,15,9,13
TR,NL,2,42,6,4,6,1,1,9,6,6,6,6,6,6,6,6,6,6,7,7,7,1,7,7,7,3,5,6,7,7,6,7,7,6,6,3,7,7,3,5,5,6,5,7,6,5,5,5,4,6,6,5,6,4,2,2,4,4,7,7,5,2,3,3,7,7,66.25,5.83333,4.83333,5.5,5.83333,5.56667,18,15,10,10
TR,NL,2,34,6,4,9,1,1,9,6,3,6,6,3,6,6,6,6,6,7,3,7,4,5,6,7,7,3,5,7,2,4,5,7,7,5,4,3,4,3,7,7,3,3,5,4,5,2,4,7,4,5,6,5,3,5,7,7,7,7,7,2,7,4,6,7,7,67.5,5.33333,3.83333,5.5,4.83333,4.76667,21,28,11,13
TR,NL,1,47,5,1,2,2,1,9,6,6,6,6,6,6,6,6,6,6,7,6,5,6,4,4,6,5,5,7,7,5,7,5,2,3,3,4,7,7,5,4,4,5,7,7,5,3,4,5,5,5,6,6,7,3,2,5,5,5,5,7,5,3,6,6,6,6,67.5,5.16667,5.33333,5.125,4.33333,5.13333,17,20,12,12
TR,NL,2,33,5,4,6,2,1,2,6,3,6,6,6,6,6,6,6,6,7,7,7,2,7,7,7,6,4,5,5,6,4,5,5,6,4,6,5,5,3,5,7,4,6,6,7,5,4,6,7,7,6,6,5,4,4,4,4,4,5,7,6,6,5,5,5,5,67.5,5.66667,4.5,5.625,6.16667,5.36667,19,21,10,10
TR,NL,2,26,5,4,6,1,1,9,6,3,6,6,6,6,6,6,6,6,7,4,6,2,6,4,7,6,5,3,5,7,5,5,5,6,4,5,6,6,5,4,6,3,6,5,6,5,4,3,5,5,5,4,7,5,3,5,6,6,6,6,5,2,6,6,5,5,67.5,4.66667,4.83333,5.25,5.5,5.1,20,19,11,11
TR,NL,2,31,6,2,4,1,1,9,6,6,6,6,6,6,6,6,6,6,7,3,7,5,7,5,5,6,6,6,7,6,5,6,7,6,6,4,7,5,7,6,6,6,4,6,7,5,3,7,3,6,7,6,7,3,3,6,6,2,6,6,7,4,4,4,6,6,67.5,6.33333,5,5.625,5.66667,5.7,22,18,10,10
TR,NL,2,47,5,4,11,2,1,9,6,6,6,6,2,6,6,6,6,6,7,7,7,1,7,7,7,6,6,5,7,7,6,7,7,7,6,4,7,7,7,7,6,7,6,7,6,7,6,6,6,7,7,7,7,5,5,7,7,7,7,7,6,6,5,7,7,7,67.5,6.33333,6,6.625,6.5,6.43333,25,27,12,14
TR,NL,2,28,6,2,4,1,1,9,6,3,6,6,6,6,6,6,6,6,7,7,6,6,5,5,5,5,5,4,5,4,4,2,6,6,4,5,7,7,3,6,2,5,3,4,4,5,5,4,6,6,6,6,6,2,6,7,4,6,7,4,5,6,5,6,6,7,68.75,5,3.5,4.75,5,4.73333,22,23,11,13
TR,NL,2,43,5,1,2,1,1,9,6,6,6,6,6,6,6,6,6,6,7,7,7,2,7,7,6,7,2,4,2,3,6,5,5,6,4,2,6,5,2,2,6,2,6,3,5,3,5,5,3,4,3,2,5,5,3,6,5,2,6,6,6,5,6,3,6,3,68.75,3.33333,4.33333,4.875,4.16667,4.13333,20,19,12,6
TR,NL,2,32,5,1,2,2,1,9,2,6,6,6,6,6,6,6,2,6,7,5,7,5,7,7,6,5,4,4,5,3,2,5,5,2,3,4,6,5,2,6,6,4,3,4,3,6,4,5,3,3,4,6,3,1,5,6,5,6,5,6,6,4,5,5,6,6,68.75,4.5,3,5.5,2.83333,4.06667,21,22,11,11
TR,NL,1,32,6,1,3,2,1,9,6,6,6,6,6,6,6,6,6,6,6,3,7,2,7,3,4,6,6,1,4,7,4,3,7,6,5,3,7,6,3,4,5,6,5,4,5,4,5,5,6,6,4,6,5,4,1,1,3,3,3,4,3,3,3,3,5,5,68.75,4.5,3.5,5,5.83333,4.86667,10,11,8,8
TR,NL,2,30,6,1,2,2,1,9,6,2,6,6,6,6,6,6,6,6,7,6,7,2,7,6,6,6,4,3,6,4,2,3,7,2,4,3,4,4,4,5,6,4,4,5,3,4,2,5,3,4,4,6,5,4,5,6,5,5,4,6,5,4,4,4,4,6,68.75,5,3.5,4.75,3.33333,4.2,19,21,8,10
TR,NL,2,28,6,1,2,1,1,9,6,2,6,6,6,6,6,6,6,6,7,3,5,2,5,5,5,4,4,2,4,5,3,4,6,5,5,3,7,5,5,5,5,4,3,5,4,4,3,4,3,4,5,5,6,4,3,6,6,6,6,6,5,2,5,4,6,6,70,4.5,3.5,4.75,4.33333,4.36667,20,20,11,10
TR,NL,2,33,5,3,1,2,1,9,6,3,6,6,6,3,6,6,2,3,6,6,4,4,5,5,6,7,5,6,7,6,4,7,5,7,4,4,7,7,7,3,4,7,6,7,5,4,5,5,2,5,6,3,5,5,5,6,5,6,6,6,5,4,4,5,5,6,70,5.66667,5.33333,5.25,4.83333,5.36667,21,22,9,11
TR,NL,2,32,5,3,11,1,1,2,6,6,6,6,6,6,6,6,6,6,7,7,6,2,6,7,2,7,7,2,4,4,1,2,2,5,7,2,2,1,1,4,7,3,5,5,6,1,1,2,5,7,3,7,3,1,2,5,7,7,5,4,7,2,5,6,6,6,70,3,1.83333,4,5.66667,3.63333,21,18,11,12
TR,NL,1,55,5,3,11,2,1,9,6,3,6,6,6,6,6,6,6,6,6,7,6,7,6,6,6,5,6,4,6,6,5,4,6,4,4,3,4,6,6,3,4,5,5,6,3,4,5,6,3,3,6,4,6,5,4,4,4,4,5,5,4,4,4,4,4,4,70,5.5,4.83333,4.375,3.83333,4.76667,17,17,8,8
TR,NL,2,31,6,3,11,1,1,9,6,6,6,6,6,6,6,6,3,6,7,6,7,3,7,6,5,7,7,7,7,5,5,6,7,4,5,5,6,6,5,7,6,3,5,5,5,5,6,7,4,7,6,7,7,1,6,6,6,6,7,7,6,3,7,7,7,7,70,6.16667,4.66667,6.25,5,5.6,25,22,14,14
TR,NL,2,34,6,1,2,2,1,9,3,6,6,6,6,6,6,6,6,6,7,7,6,3,6,6,7,6,6,4,7,5,3,6,6,4,3,3,7,7,5,7,7,5,5,7,2,6,5,5,4,7,7,7,6,1,5,7,6,7,7,7,5,2,7,3,7,7,71.25,5.83333,4,6.5,4.16667,5.33333,23,23,14,10
TR,NL,2,40,5,3,2,1,1,9,6,6,6,6,6,6,6,6,6,6,7,5,7,2,7,5,7,5,7,6,7,7,3,7,7,6,4,5,7,6,6,7,4,6,3,7,7,7,3,6,7,6,7,7,7,7,7,7,7,7,7,7,7,7,7,7,5,7,71.25,6.5,5.33333,5.875,6.16667,6.03333,28,28,12,14
TR,NL,2,37,6,1,4,2,1,9,6,3,6,6,6,6,6,6,6,6,4,7,5,3,5,7,5,5,4,3,5,4,6,7,4,4,2,4,4,6,5,7,7,3,4,5,4,4,5,5,6,4,5,3,5,1,5,7,7,7,6,7,7,4,6,7,7,7,71.25,4.66667,3.83333,5.375,4,4.53333,25,25,13,14
TR,NL,2,27,6,4,7,1,1,9,3,3,6,6,6,6,6,6,6,6,5,7,6,4,6,7,6,6,1,6,5,3,6,7,1,6,1,6,6,4,2,6,3,2,4,2,3,6,4,4,6,7,3,7,3,4,5,5,5,5,5,6,7,6,6,6,5,7,71.25,3.5,4.66667,5.625,4.33333,4.33333,22,22,11,13
TR,NL,1,36,6,1,3,2,1,9,6,9,6,6,6,6,6,6,6,6,7,7,2,2,4,3,6,5,6,6,5,5,3,7,5,5,4,4,6,6,5,5,5,4,5,5,4,4,5,6,6,6,3,5,5,2,5,5,5,7,5,7,6,3,5,5,5,6,72.5,4.66667,4.16667,5.5,5,4.93333,21,22,10,11
TR,NL,2,38,6,1,2,2,1,9,3,6,6,6,6,6,6,6,6,6,7,5,7,5,7,5,7,3,6,6,7,5,3,5,7,5,5,6,7,5,4,6,4,6,4,6,4,2,4,5,6,4,5,6,5,3,5,7,5,5,6,6,4,4,5,5,5,5,72.5,6,3.66667,5.25,4.83333,5.03333,20,22,10,10
TR,NL,2,32,6,4,2,1,1,9,6,3,6,6,6,6,6,6,6,6,7,7,7,3,7,7,1,1,4,5,4,4,5,4,4,6,4,4,4,4,3,4,5,5,3,4,2,4,3,4,5,4,4,4,4,2,7,7,7,7,7,6,7,1,7,7,7,7,72.5,4,3.66667,3.25,4.16667,3.8,28,21,14,14
TR,NL,2,36,6,4,6,1,1,9,6,6,6,6,6,6,6,6,6,6,6,7,2,1,6,7,6,3,4,5,7,5,2,7,7,7,6,7,4,5,6,2,4,4,3,4,4,4,2,5,5,6,5,3,6,5,4,6,6,6,6,7,5,2,6,6,6,6,72.5,5.83333,4.16667,3.875,5.5,4.76667,21,21,12,12
TR,NL,2,46,5,1,2,2,1,9,3,3,6,6,2,6,6,6,6,6,7,5,6,3,7,7,7,5,7,6,7,6,4,6,7,6,4,4,7,7,7,4,4,7,7,7,6,6,5,4,5,4,7,4,7,6,4,6,6,6,7,5,6,3,5,5,6,6,72.5,6,6,5.25,5.16667,5.76667,23,20,11,11
TR,NL,2,35,6,3,1,1,1,9,6,3,6,6,6,6,6,6,6,6,7,6,6,3,6,4,7,4,6,4,6,5,5,5,6,5,4,4,6,4,3,6,4,4,5,6,3,3,3,4,3,3,6,6,5,2,2,5,6,6,7,6,4,3,4,5,4,4,72.5,5.33333,3.66667,5.125,3.83333,4.56667,19,20,8,9
TR,NL,2,35,6,1,2,2,1,9,6,3,6,6,6,6,6,6,3,6,7,7,7,4,7,7,7,3,6,4,5,4,3,7,7,6,3,5,6,6,5,4,5,4,3,5,5,4,3,4,7,6,5,5,5,3,5,5,7,7,7,7,2,2,6,6,6,6,72.5,5.16667,3.66667,5,5.16667,4.83333,21,21,12,12
TR,NL,2,40,6,4,10,1,1,2,6,6,6,6,6,6,6,6,6,6,3,6,2,6,3,6,2,5,4,5,4,5,5,5,5,5,4,3,7,6,5,5,5,5,6,6,6,4,4,4,4,5,6,5,6,2,1,7,1,6,2,6,4,4,3,3,3,4,72.5,4.66667,4.5,4.75,4.83333,4.76667,8,23,6,7
TR,NL,2,39,6,3,6,1,1,9,6,6,6,6,6,6,6,6,3,3,4,7,5,1,7,7,5,5,2,3,3,3,5,6,5,5,4,5,3,4,3,5,4,2,3,2,3,5,4,4,5,5,4,3,4,4,3,5,5,5,6,6,5,2,5,4,4,4,72.5,3.83333,3.83333,4.375,4.16667,3.93333,19,18,9,8
TR,NL,3,30,6,2,11,2,1,9,6,6,6,6,6,6,6,6,6,6,7,7,7,1,7,3,7,7,4,6,7,6,3,6,7,7,4,4,7,7,5,7,6,5,3,6,7,4,4,5,3,4,6,6,7,4,6,6,6,6,7,7,4,4,3,5,7,6,73.75,5.83333,4.16667,6.25,5.16667,5.46667,23,23,10,11
TR,NL,2,32,5,1,1,1,9,9,3,3,6,6,6,6,6,6,6,6,7,7,2,4,4,4,7,4,4,4,4,4,4,4,4,4,4,4,4,4,4,4,4,5,3,4,4,4,4,4,5,4,3,5,4,4,4,6,4,4,5,6,4,2,5,5,6,5,73.75,3.83333,3.83333,4.5,4.16667,4.13333,17,18,11,10
TR,NL,1,28,4,4,11,2,1,9,6,6,6,6,6,6,6,6,3,6,7,7,3,2,4,2,6,6,6,6,5,6,4,6,6,7,4,6,7,6,4,6,1,5,5,5,4,6,1,2,7,4,4,6,6,5,2,2,3,4,4,3,6,3,2,2,5,3,73.75,4.66667,5,4.875,5.33333,5.06667,15,12,7,5
TR,NL,2,32,5,4,6,2,1,2,6,6,6,6,6,6,6,6,6,6,4,5,3,4,3,5,1,5,4,4,6,6,4,5,5,4,5,6,4,3,3,4,4,3,5,6,4,4,4,4,6,4,5,5,6,4,2,5,3,5,3,6,4,6,3,3,2,6,73.75,5.33333,4,4,4.83333,4.43333,12,22,5,9
TR,NL,1,30,5,1,4,2,1,9,6,2,6,6,6,6,6,6,6,6,7,6,7,2,7,3,4,6,5,4,6,6,3,7,6,6,6,4,7,6,6,4,6,2,5,6,5,2,6,5,6,6,6,6,6,6,1,1,5,5,4,6,4,4,2,2,6,6,73.75,5.5,4.33333,5.75,5.83333,5.3,14,16,8,8
TR,NL,2,37,6,1,2,1,1,9,6,6,6,6,3,6,6,6,6,6,7,5,4,2,7,7,7,7,6,6,7,6,6,7,6,6,7,7,7,7,6,7,7,7,6,6,6,6,6,6,4,7,6,7,6,6,3,6,5,5,5,5,2,2,4,4,4,4,73.75,6.33333,6,6.875,6,6.36667,15,18,8,8
TR,NL,2,28,6,1,3,1,1,9,6,6,6,6,6,6,6,6,3,6,7,7,7,7,7,7,4,6,5,4,6,6,4,6,5,6,4,6,7,6,6,7,5,5,4,6,2,5,5,5,5,5,6,6,5,5,3,3,5,6,4,5,4,2,3,3,4,5,73.75,5.66667,4.66667,5.75,4.66667,5.23333,16,16,7,8
TR,NL,2,35,5,3,4,1,1,9,6,6,6,6,9,6,6,6,3,6,6,7,6,4,7,7,2,6,6,3,6,2,4,4,6,4,4,1,7,5,1,5,3,4,2,5,2,4,2,6,2,5,1,6,6,1,3,6,6,6,5,2,6,2,2,6,2,5,73.75,4.16667,2.5,4.375,3.16667,3.83333,20,16,4,11
TR,NL,2,43,6,2,2,2,1,9,6,6,6,6,6,6,6,6,6,6,7,7,5,2,3,7,5,5,6,6,7,5,5,6,7,5,4,6,7,7,5,6,5,7,6,7,4,4,5,7,3,6,6,7,7,3,5,6,5,6,4,6,5,3,5,5,5,6,73.75,6.66667,4.83333,5.75,4.5,5.63333,19,21,10,11
TR,NL,2,55,5,1,1,1,1,9,6,6,6,6,6,6,6,6,6,6,5,5,5,1,5,5,5,6,6,5,7,6,4,6,6,6,5,6,6,5,5,7,2,6,6,6,4,4,5,6,4,5,5,6,6,4,4,5,5,5,5,5,6,5,5,5,5,5,75,6,4.66667,5.375,5,5.33333,20,20,10,10
TR,NL,2,36,5,4,6,2,1,9,6,6,6,6,3,6,6,6,6,6,4,7,3,1,3,5,4,5,4,5,6,5,5,6,5,5,3,6,6,5,2,6,5,5,3,5,4,6,2,4,4,3,5,6,4,4,4,4,5,5,6,7,5,3,6,6,5,7,75,5.16667,4.16667,5,4,4.6,20,19,11,13
TR,NL,2,35,6,3,4,2,1,9,2,3,6,6,6,6,6,6,6,6,6,6,6,2,5,6,6,5,5,6,6,4,4,5,6,6,5,5,6,5,5,6,4,5,5,5,5,4,5,5,5,3,6,5,5,2,2,3,3,3,5,5,4,4,4,5,5,5,76.25,5.5,4.33333,5.25,4.66667,4.96667,14,15,9,10
TR,NL,2,32,6,1,2,1,1,9,6,6,6,6,6,6,6,6,6,6,7,6,4,3,6,6,4,5,6,6,5,3,6,4,6,3,3,6,7,6,5,3,3,7,4,5,2,6,5,5,5,6,3,4,5,2,4,6,5,6,5,7,5,2,5,5,5,5,76.25,5,4.83333,4.375,3.66667,4.66667,19,21,10,10
TR,NL,2,30,5,1,2,2,1,9,3,2,6,6,6,6,6,6,6,6,7,7,7,4,7,7,7,6,6,5,6,6,5,6,7,7,5,4,6,6,5,7,6,6,6,5,6,6,3,6,6,6,6,7,6,2,4,4,5,4,6,6,5,3,6,6,6,6,76.25,5.66667,4.83333,6,6,5.7,20,17,12,12
TR,NL,2,37,6,3,11,2,1,9,6,3,6,6,6,6,6,6,6,6,6,7,5,5,7,7,6,6,5,5,6,4,6,6,6,5,5,4,7,7,6,6,5,5,6,7,5,6,5,6,4,4,7,6,7,5,4,5,5,6,5,6,5,4,4,4,4,4,76.25,6,5.66667,5.875,4.5,5.6,19,21,8,8
TR,NL,2,30,5,1,2,1,1,9,6,3,6,6,3,6,6,6,6,6,7,5,7,2,7,6,7,7,7,7,7,7,5,7,7,7,6,7,7,7,7,7,7,7,5,7,6,7,2,7,6,7,7,7,7,3,3,3,5,4,6,5,4,2,5,3,5,5,76.25,7,5.66667,6.375,6.5,6.46667,18,14,10,8
TR,NL,1,36,6,1,2,2,1,9,6,6,6,6,6,6,6,6,6,6,6,7,2,6,7,7,3,4,3,6,5,3,3,2,5,4,3,5,2,2,4,3,4,3,5,5,3,2,4,4,3,3,5,3,6,5,1,5,4,6,4,6,5,3,4,6,6,6,76.25,4.83333,4.16667,3.125,3.16667,3.73333,14,20,10,12
TR,NL,2,34,5,1,3,2,1,9,3,2,6,6,6,6,6,6,6,6,7,7,7,2,5,7,5,5,3,4,5,5,3,6,4,5,5,5,7,5,5,2,6,2,5,5,4,5,5,3,4,5,4,6,5,5,2,3,5,6,5,4,6,2,3,5,5,6,76.25,4.33333,4.5,5.25,4.66667,4.6,18,15,8,11
TR,NL,2,48,6,3,11,2,1,9,9,6,6,6,6,6,6,6,6,6,7,7,7,2,2,5,4,4,5,5,6,3,5,7,5,4,4,4,6,7,3,7,7,7,4,6,3,5,4,4,4,5,7,6,4,4,2,3,3,5,3,3,5,3,3,2,4,5,76.25,5.33333,4.33333,5.625,3.83333,4.96667,13,14,7,7
TR,NL,2,41,5,3,3,1,1,9,6,6,6,6,6,6,6,6,6,6,7,7,7,7,7,7,7,7,6,4,6,7,5,5,7,7,6,4,7,7,6,2,7,5,4,7,4,7,2,7,7,7,7,6,7,3,1,7,6,7,5,7,7,1,1,7,1,7,76.25,6.33333,4.83333,5.375,6.33333,5.76667,19,22,2,14
TR,NL,2,35,5,4,6,2,1,9,6,3,6,6,6,6,6,6,6,6,7,7,6,6,5,7,5,7,5,6,6,2,2,6,5,3,6,5,7,6,4,7,7,3,5,5,6,3,6,3,3,6,3,7,6,2,3,6,6,6,6,6,7,2,5,6,6,6,76.25,4.5,3.66667,6.5,4.33333,4.9,22,20,11,12
TR,NL,2,36,6,1,3,2,1,9,6,3,6,6,6,6,6,6,6,6,4,2,6,2,5,4,5,4,4,4,5,4,5,5,4,6,2,6,5,7,3,4,2,5,4,4,2,6,3,4,5,5,4,2,6,2,3,3,5,4,5,4,5,3,4,4,4,4,76.25,4.5,4,3.75,4,4.23333,18,14,8,8
TR,NL,2,41,6,1,2,1,1,9,6,6,6,6,3,6,6,6,6,6,7,7,7,3,7,7,7,7,7,4,7,7,1,6,7,7,4,7,7,7,4,7,5,7,4,6,4,6,3,7,3,4,3,7,7,4,5,4,6,6,7,7,4,2,3,3,4,4,77.5,6.16667,3.83333,6.125,4.83333,5.53333,22,19,7,7
TR,NL,1,37,6,1,1,1,1,9,6,3,6,6,6,6,6,6,6,6,7,7,5,2,6,4,6,6,5,6,6,6,6,2,5,5,4,6,6,7,5,4,6,6,4,6,5,5,4,5,5,6,5,5,6,3,4,4,5,5,4,5,4,3,4,4,4,4,77.5,5.5,4.83333,4.875,5.16667,5.2,17,17,8,8
TR,NL,2,32,5,4,6,2,1,9,2,6,6,6,6,6,6,6,6,6,7,7,7,3,7,7,7,6,6,6,7,7,5,6,6,7,5,3,7,7,5,7,5,6,6,6,5,6,6,5,6,7,6,7,7,7,5,3,6,6,7,7,7,7,7,7,7,7,77.5,5.5,5.83333,6.375,6.16667,6.06667,25,23,14,14
TR,NL,2,34,6,1,3,1,1,9,6,6,6,6,6,6,6,6,3,6,6,7,5,2,6,6,5,5,4,4,7,4,5,6,4,3,2,4,6,5,5,5,6,4,5,5,5,4,5,5,6,6,5,5,5,2,4,5,6,4,5,6,5,4,4,6,5,6,77.5,5,4.16667,5.375,4.33333,4.73333,20,19,9,12
TR,NL,2,45,6,2,2,2,1,9,6,3,6,6,6,6,6,6,6,6,6,6,6,4,4,6,6,5,6,5,6,3,6,6,5,4,4,7,6,6,2,7,4,7,4,6,5,7,5,5,5,6,6,7,4,6,3,4,7,7,6,6,4,3,4,3,4,3,78.75,5.83333,5,5.75,4.5,5.36667,20,20,8,6
TR,NL,2,33,6,4,6,2,1,9,2,3,6,6,6,6,6,6,6,6,6,6,6,3,4,6,7,4,6,3,5,6,6,5,7,5,6,6,6,2,4,2,4,5,3,5,5,5,3,5,5,5,5,2,7,4,4,7,7,7,7,7,6,2,5,5,6,6,78.75,5.5,4.16667,4.125,5.33333,4.76667,24,23,11,11
TR,NL,2,31,6,1,3,2,1,9,6,6,6,6,6,6,6,6,2,6,4,7,5,1,5,5,4,5,4,4,5,4,6,3,5,3,3,4,7,5,5,3,5,6,5,5,2,6,4,4,4,5,5,5,3,1,5,5,5,5,6,2,5,3,5,5,6,5,78.75,4.66667,4.5,4.5,3.5,4.33333,21,15,11,10
TR,NL,2,31,5,4,7,1,1,2,6,6,6,6,6,6,6,6,6,6,5,6,6,2,6,7,7,6,7,3,7,7,2,5,5,6,6,2,4,6,6,6,7,7,6,7,6,3,7,6,5,2,7,6,6,6,5,6,6,6,7,7,3,3,5,6,7,7,78.75,5.66667,4.33333,6,5.33333,5.53333,21,22,12,13
TR,NL,2,32,6,4,6,1,1,9,2,6,6,6,6,6,6,6,6,6,7,4,7,2,7,7,6,7,7,7,7,7,5,6,7,6,7,7,7,7,7,7,7,7,7,7,4,6,7,7,6,7,7,7,6,7,5,6,6,7,6,7,7,4,6,7,7,7,80,7,6.5,6.75,6.16667,6.63333,24,24,13,14
TR,NL,2,43,6,3,11,2,1,9,3,3,6,6,6,6,6,6,6,6,6,6,2,2,7,7,4,5,5,4,4,3,2,4,5,3,3,5,5,5,4,5,6,5,7,4,3,1,5,5,4,3,4,3,2,4,2,5,6,7,7,7,5,1,6,7,6,7,80,4.5,3.66667,4.625,3.16667,4.06667,20,20,12,14
TR,NL,2,30,6,1,11,2,1,9,2,6,6,6,3,6,6,6,6,6,7,7,3,2,7,6,3,7,7,5,7,4,6,6,7,4,4,7,7,4,4,7,7,7,4,7,2,2,6,5,6,4,4,7,2,1,3,6,5,6,5,6,6,1,4,4,6,4,80,6.16667,3.66667,6.25,4,5.1,19,19,10,8
TR,NL,2,40,5,1,2,1,1,9,2,3,6,6,6,6,6,6,6,6,7,4,7,1,7,5,7,6,6,6,3,6,6,7,7,6,7,3,7,6,6,7,7,6,6,5,7,6,3,7,6,7,5,6,6,6,7,7,7,7,7,7,6,5,7,7,7,7,80,5,6,6.25,6.5,5.96667,27,26,14,14
TR,NL,2,35,6,1,2,1,1,9,6,6,6,6,6,6,6,6,6,6,7,5,7,5,7,7,5,6,5,4,6,5,6,6,7,6,4,4,7,7,4,7,6,4,2,7,4,4,5,5,4,5,5,5,6,2,7,7,7,7,5,7,7,4,4,4,4,2,80,5.66667,3.66667,5.875,4.66667,5.1,26,25,8,6
TR,NL,2,32,6,2,11,1,1,2,6,3,6,6,6,6,6,6,6,6,7,7,4,5,4,6,6,6,5,7,7,6,6,7,7,6,3,7,7,7,6,7,5,7,6,6,5,5,2,3,7,6,7,7,6,5,3,6,4,6,3,6,4,5,3,5,4,6,81.25,6.16667,5.83333,5.875,5.5,5.9,14,23,7,11
TR,NL,2,37,6,1,2,2,1,9,6,3,6,6,3,6,6,6,6,6,7,7,7,1,4,7,6,7,6,7,7,7,6,7,6,7,5,7,7,7,6,7,6,6,6,6,5,4,5,6,6,7,6,7,7,6,7,7,7,7,7,7,7,3,7,7,7,7,81.25,6.33333,5.83333,6.5,6.16667,6.26667,28,24,14,14
TR,NL,1,38,5,1,2,2,1,9,2,6,6,6,6,6,6,6,6,6,7,7,3,3,5,5,5,6,4,5,6,5,5,6,5,6,4,4,5,6,3,5,5,4,5,5,3,5,5,4,5,5,4,5,5,3,3,3,4,4,5,5,3,1,3,3,5,5,81.25,4.66667,4.33333,5.25,4.66667,4.76667,15,13,8,8
TR,NL,2,54,6,1,1,1,1,9,9,6,6,6,6,6,6,6,6,6,7,7,7,4,7,7,7,7,5,6,1,5,3,7,6,7,6,7,6,7,7,5,6,6,5,7,7,3,2,5,6,6,6,7,6,3,6,7,7,7,7,7,6,4,4,4,7,7,81.25,5.33333,4.5,5.875,6.16667,5.56667,26,25,11,11
TR,NL,1,50,6,1,2,2,1,9,2,9,6,6,6,6,6,6,6,6,7,7,3,2,7,7,6,6,4,6,7,4,4,3,6,2,2,4,7,7,7,7,6,4,6,7,3,6,6,5,3,3,3,7,7,7,5,5,7,7,7,7,4,4,7,7,7,7,81.25,5.33333,6,6,2.83333,5.16667,23,23,14,14
TR,NL,2,55,6,1,3,1,1,9,6,6,6,6,6,6,6,6,6,6,7,4,6,2,5,5,5,5,6,5,7,6,6,7,7,7,6,6,6,7,6,7,7,7,7,6,7,4,4,6,3,3,6,6,6,5,6,6,6,6,7,7,6,5,5,5,6,6,81.25,6.33333,5.5,5.875,5.33333,5.86667,25,24,11,11
TR,NL,2,29,6,2,3,1,1,9,6,6,6,6,6,6,6,6,6,6,6,6,5,7,5,6,7,4,3,3,4,3,3,5,5,7,6,3,4,3,1,6,4,2,2,4,4,3,5,3,7,5,2,6,2,1,4,6,6,7,6,7,6,3,6,7,6,7,82.5,3.5,2.16667,5.125,5.33333,3.9,22,23,12,14
TR,NL,2,37,6,1,2,1,1,9,3,6,6,6,6,6,6,6,6,6,7,7,3,3,7,7,4,5,6,4,6,5,6,5,6,5,4,5,6,5,3,6,5,5,3,4,4,5,2,6,6,3,4,6,5,1,2,6,4,5,5,5,5,3,2,5,6,4,82.5,5.16667,3.66667,4.875,4.5,4.66667,16,19,8,9
TR,NL,2,29,6,4,6,2,1,9,3,6,6,6,6,6,6,6,6,6,7,7,7,3,7,6,5,7,5,5,6,3,4,5,7,4,5,6,7,7,5,4,5,4,4,6,2,3,3,3,5,6,7,4,7,3,7,7,7,7,6,7,6,2,7,7,7,7,82.5,5.83333,4,5,4.16667,4.9,26,23,14,14
TR,NL,2,32,5,3,11,1,1,2,2,6,6,6,6,6,6,6,6,6,4,7,5,4,2,5,4,7,6,6,7,6,6,7,6,3,6,7,7,7,2,7,7,5,5,6,5,2,2,6,7,6,7,7,7,6,3,4,4,4,3,6,5,3,3,5,3,6,82.5,6.5,4.5,6,5.5,5.73333,15,17,6,11
TR,NL,1,38,5,1,2,1,1,9,6,3,6,6,6,6,6,6,6,6,6,7,6,2,6,4,5,6,5,4,6,6,6,4,5,5,5,6,6,7,4,5,3,6,5,5,5,5,2,4,6,6,4,6,6,4,3,3,5,5,6,5,4,2,2,2,4,3,82.5,5,4.66667,4.625,5.5,5.06667,18,15,6,5
TR,NL,2,33,6,1,11,2,1,9,3,6,6,6,6,6,6,6,6,6,6,7,6,6,6,4,6,4,5,4,4,4,3,3,6,3,5,4,6,4,3,6,5,4,4,5,4,3,5,5,4,6,5,6,5,4,3,5,5,2,6,3,5,3,5,4,6,4,82.5,4.83333,3.5,5.125,4.33333,4.5,19,13,11,8
TR,NL,2,33,6,4,6,2,1,9,6,6,6,6,6,6,6,6,6,6,7,4,7,1,7,4,7,7,5,4,7,6,7,7,7,6,4,5,7,6,5,6,6,6,5,6,2,6,6,5,6,6,5,7,5,3,5,2,6,2,7,7,5,2,5,3,7,5,83.75,5.83333,5,6.625,5,5.66667,23,13,12,8
TR,NL,2,45,6,2,3,1,1,9,6,6,6,6,6,6,6,6,6,6,7,5,2,1,3,3,5,5,5,5,6,5,5,6,7,4,4,4,6,5,6,5,5,6,5,5,5,4,4,5,3,7,5,5,5,3,2,2,4,5,2,3,5,4,4,4,2,2,83.75,5.33333,4.66667,5.125,4.66667,5,13,14,6,6
TR,NL,2,27,5,4,6,2,9,9,6,6,6,6,6,6,6,2,6,6,5,7,3,7,5,6,4,7,6,2,6,6,2,2,5,2,6,2,6,6,3,4,6,6,2,6,6,2,4,6,1,6,3,6,6,6,3,6,6,6,6,5,5,2,5,5,5,5,83.75,4.66667,2.83333,4.875,4.5,4.5,20,19,10,10
TR,NL,2,35,6,3,3,1,1,9,6,3,6,6,6,6,6,6,6,6,7,7,7,3,3,5,5,5,6,3,5,4,4,5,5,5,3,4,6,5,5,5,6,3,4,5,5,4,5,5,4,5,5,5,4,6,4,7,5,6,5,6,5,4,5,5,5,5,85,4.83333,4.33333,5.25,4.33333,4.7,19,23,10,10
TR,NL,2,45,6,2,3,1,1,9,3,6,6,6,6,6,6,6,6,6,7,3,7,1,7,2,2,4,5,3,6,4,4,6,4,6,5,3,6,3,2,4,5,4,5,5,3,4,4,4,6,5,2,6,4,2,1,1,6,6,2,2,5,2,6,5,2,2,85,4,3.33333,4.625,4.83333,4.2,14,11,8,7
TR,NL,2,46,6,1,2,2,1,9,3,6,6,6,6,6,6,6,2,6,7,7,7,1,7,7,7,5,7,6,7,5,4,6,7,6,4,7,7,7,6,7,6,7,7,7,5,4,5,7,6,4,7,6,7,5,4,1,5,1,6,2,5,1,4,4,4,4,85,7,5.33333,6.125,5,6.03333,20,5,8,8
TR,NL,1,32,6,1,3,1,1,9,3,6,6,3,6,6,6,6,3,6,7,5,7,1,7,4,7,6,6,6,6,1,6,6,7,6,6,5,6,6,6,5,7,6,6,6,5,2,5,7,5,6,6,6,7,5,5,5,6,6,7,7,5,3,5,5,6,6,85,6.16667,5.16667,6,4.83333,5.66667,23,21,11,11
TR,NL,1,30,6,1,1,1,1,9,6,6,6,6,6,6,6,3,6,6,7,7,7,1,7,2,6,6,7,7,7,7,7,7,7,7,6,3,6,7,7,7,6,7,5,6,7,7,1,6,7,7,7,7,7,6,1,1,4,4,6,5,6,2,1,1,4,4,85,6,6.5,5.75,6.83333,6.33333,17,12,5,5
TR,NL,2,43,6,1,2,2,1,9,3,3,6,6,2,6,3,6,2,6,7,7,7,7,7,7,5,6,7,7,5,1,2,7,7,3,5,5,3,5,6,6,5,4,3,5,5,4,5,5,4,6,6,5,5,4,3,5,7,6,7,5,5,3,4,3,6,6,85,5.5,4.33333,5.25,4,4.86667,22,19,10,9
TR,NL,2,24,6,2,7,2,1,9,3,3,6,6,6,6,6,6,6,6,7,6,6,5,6,7,5,6,4,4,4,5,3,5,5,5,4,4,5,5,4,4,5,4,5,4,4,4,4,5,5,6,3,5,4,3,3,4,5,5,5,5,5,2,4,4,5,5,86.25,4.16667,3.83333,4.875,4.83333,4.43333,18,16,9,9
TR,NL,2,37,6,1,2,1,1,9,6,6,6,6,6,6,6,2,6,6,7,7,7,7,7,7,6,6,6,2,7,4,5,6,7,3,5,7,6,6,6,7,6,4,5,6,4,4,6,7,5,5,7,7,7,7,5,6,5,6,3,4,5,2,4,5,5,5,86.25,6.83333,4.83333,6.25,4.33333,5.63333,18,18,9,10
TR,NL,2,30,6,2,3,1,1,9,6,6,6,6,6,6,6,6,6,6,5,7,5,7,5,7,5,6,5,5,6,6,3,6,5,7,6,6,6,7,7,7,7,7,6,5,6,6,6,5,6,7,6,6,6,6,5,7,7,6,7,7,6,4,6,7,6,7,86.25,5.5,5.5,6.125,6.33333,5.93333,25,24,12,14
TR,NL,2,31,5,4,6,2,1,1,3,6,6,6,6,6,6,6,3,6,7,7,7,2,7,2,7,7,7,6,7,7,6,7,7,5,7,7,7,7,7,7,7,7,6,7,7,6,7,7,6,7,6,7,7,5,7,7,7,2,7,7,4,2,7,5,7,7,86.25,6.83333,6,7,6.5,6.66667,25,18,14,12
TR,NL,2,37,6,1,2,2,1,9,6,3,6,6,6,6,6,6,6,6,5,7,5,2,3,3,7,6,4,6,5,6,6,7,6,5,4,5,7,6,4,6,6,5,6,5,5,6,3,6,6,5,5,6,5,4,3,3,5,4,6,4,4,4,4,4,5,4,86.25,5.33333,5.33333,6,5.16667,5.43333,18,15,9,8
TR,NL,2,29,6,1,11,1,1,9,6,6,6,6,6,6,6,6,6,6,7,7,6,3,6,5,6,6,4,5,7,4,6,7,7,6,3,4,7,6,6,6,5,4,5,5,4,4,2,5,6,5,5,7,7,2,6,6,4,4,5,5,7,3,4,4,5,5,87.5,5.5,4.66667,5.75,4.66667,5.2,22,18,9,9
TR,NL,2,33,6,1,3,2,1,9,6,6,6,6,6,6,6,6,6,6,6,7,7,2,7,4,7,6,3,2,5,4,3,7,5,5,4,3,7,7,5,4,7,3,4,6,3,3,7,6,4,5,3,2,4,2,2,2,7,3,7,3,5,1,2,3,6,3,87.5,4.66667,3.16667,5.875,4.16667,4.53333,21,9,8,6
TR,NL,2,27,6,4,6,1,1,9,6,2,6,6,6,6,6,6,6,6,7,3,7,1,7,2,4,5,3,2,5,4,3,6,6,3,6,2,6,6,2,3,6,2,3,3,4,2,5,5,3,6,3,6,7,6,5,7,6,6,7,6,5,2,6,6,7,4,87.5,4,3,5.125,4.33333,4.23333,23,21,13,10
TR,NL,3,35,6,4,7,1,1,9,6,6,6,6,6,6,6,6,6,3,5,7,5,7,4,7,7,4,6,6,7,4,3,7,7,7,2,7,7,7,7,6,4,7,5,7,7,5,3,7,6,3,7,5,7,5,2,5,3,5,3,6,5,5,1,6,6,6,87.5,7,5.16667,5.375,4.83333,5.73333,13,21,7,12
TR,NL,2,33,5,3,11,1,1,1,6,6,6,6,6,6,6,6,3,6,7,7,7,7,7,7,7,7,6,7,7,7,1,7,7,7,7,7,7,7,7,7,7,7,7,7,7,7,6,7,7,7,7,7,7,6,7,7,7,7,7,7,7,4,7,7,7,5,88.75,7,5.83333,6.875,7,6.7,28,25,14,12
TR,NL,1,46,6,1,1,2,1,9,6,3,6,6,6,6,6,6,6,6,7,7,6,6,6,6,6,6,6,6,6,2,2,6,6,6,6,6,6,6,6,6,6,6,6,6,6,6,6,6,5,3,6,6,6,6,5,5,5,5,5,5,5,4,5,5,5,5,88.75,6,5.33333,6,4.66667,5.6,20,19,10,10
TR,NL,2,28,6,1,1,1,6,9,6,1,6,6,6,6,6,6,6,6,7,1,7,1,7,1,5,6,5,4,5,5,2,5,6,5,4,6,7,6,5,5,6,5,4,5,5,3,4,5,5,4,6,6,6,5,5,1,5,1,5,1,5,1,5,1,5,1,88.75,5.5,3.83333,5.5,4.66667,5,20,4,10,2
TR,NL,1,36,6,1,2,1,1,9,6,6,6,6,6,6,6,3,6,6,7,6,7,6,7,6,7,3,3,3,6,6,3,4,5,6,5,3,3,3,5,6,4,5,4,5,7,6,6,6,6,5,3,4,7,7,6,6,6,6,7,7,3,3,7,7,7,7,88.75,4.66667,4.66667,4.625,5.83333,4.86667,22,22,14,14
TR,NL,2,28,6,1,3,1,1,9,3,2,6,6,6,6,6,6,6,6,7,3,6,1,7,3,4,3,5,3,5,3,4,6,5,6,4,3,7,2,2,7,3,5,1,5,2,3,6,5,6,5,3,7,5,1,4,5,5,4,3,6,4,3,5,2,6,6,88.75,4.33333,2.33333,5.375,4.33333,4.2,16,18,11,8
TR,NL,2,33,6,1,3,1,1,9,6,6,6,6,6,6,6,6,6,6,4,7,4,4,5,4,5,5,3,5,4,4,3,5,5,4,4,4,5,3,3,4,6,4,5,5,2,3,6,4,4,5,3,5,3,4,4,6,5,6,3,3,5,4,5,5,5,5,88.75,4.16667,3.83333,5.125,3.83333,4.16667,17,19,10,10
TR,NL,2,39,6,1,2,1,1,9,6,6,6,6,6,6,6,6,3,6,7,7,6,2,7,4,6,5,6,6,7,6,7,7,6,7,6,6,6,6,7,7,6,6,6,6,6,5,5,6,6,6,5,7,4,3,3,6,5,5,5,6,6,2,4,4,5,5,90,6,5.66667,6.125,6.16667,5.93333,19,19,9,9
TR,NL,2,37,6,1,1,1,1,9,3,9,6,6,6,6,6,6,6,6,7,7,7,3,7,4,7,6,6,4,6,6,4,6,6,6,6,6,7,6,5,6,5,6,5,6,4,6,5,6,6,6,6,6,6,5,4,4,5,5,7,7,5,3,5,5,7,7,90,6,4.83333,6,5.66667,5.7,21,19,12,12
TR,NL,2,34,6,1,3,2,1,9,6,6,6,6,9,6,6,6,3,6,7,7,7,1,7,4,7,7,7,2,6,3,6,6,6,6,6,2,6,6,4,7,7,3,3,4,6,2,7,5,3,2,4,7,6,4,6,6,6,6,7,5,4,1,6,6,7,5,90,4.5,3.5,6.75,4.33333,5,23,18,13,11
TR,NL,2,28,6,1,11,1,1,9,6,2,6,6,6,6,6,6,6,6,7,7,6,4,7,7,5,6,5,6,7,6,3,4,5,4,5,5,2,5,5,5,6,5,6,6,6,6,5,5,5,5,5,6,5,3,5,5,6,5,5,5,5,3,4,4,5,5,91.25,5.5,4.83333,4.875,5.16667,5.06667,21,18,9,9
TR,NL,2,39,6,3,1,1,1,9,6,6,6,6,3,6,6,6,6,6,7,7,7,3,7,7,7,6,5,4,7,6,5,7,7,7,6,7,7,7,6,7,6,6,7,7,6,6,7,7,6,7,7,7,7,4,5,5,7,7,7,5,7,5,6,6,6,6,91.25,7,5.33333,6.75,6.33333,6.36667,26,22,12,12
TR,NL,1,30,6,1,11,2,1,9,6,3,6,6,6,6,6,3,6,6,7,7,6,3,7,7,6,4,5,5,7,6,6,5,7,6,6,6,5,5,6,3,4,4,4,6,4,6,4,7,6,6,6,3,6,5,2,4,5,5,4,4,5,3,2,2,5,6,91.25,6.5,5.33333,4.25,5.66667,5.3,16,16,7,8
TR,NL,2,36,6,2,3,1,1,9,3,6,6,6,6,6,6,6,6,6,7,5,7,2,7,7,4,5,4,2,7,4,1,6,6,6,5,3,3,3,5,7,5,4,4,4,2,6,5,5,3,7,5,7,5,5,5,7,5,5,6,6,7,4,4,5,3,3,91.25,5,3.83333,5.25,4.5,4.6,23,22,7,8
TR,NL,2,45,5,1,1,2,1,9,6,6,6,6,6,6,6,6,6,6,7,7,7,3,7,3,6,5,6,5,7,5,3,7,1,7,6,3,7,6,3,6,7,5,3,6,3,1,5,4,5,5,6,7,6,3,5,6,6,6,6,7,7,3,5,5,5,5,92.5,4.5,3,6.25,5.16667,4.96667,24,22,10,10
TR,NL,2,38,5,4,7,1,1,9,6,6,6,6,6,6,6,6,6,6,7,7,7,7,7,7,7,7,7,4,7,6,1,6,7,3,3,3,7,7,6,7,7,6,3,7,4,1,7,7,1,3,7,2,7,1,1,1,5,5,7,5,7,2,3,3,6,6,92.5,6.33333,2.66667,6.25,3.33333,5.03333,20,13,9,9
TR,NL,2,43,6,1,1,1,1,9,2,3,6,6,3,6,6,6,3,6,7,7,2,2,7,7,4,6,6,6,5,6,3,6,6,2,5,3,4,6,5,3,6,6,6,5,5,3,4,5,4,6,5,4,5,3,4,4,5,5,6,5,5,4,4,4,6,5,92.5,4.83333,4.33333,4.625,4.66667,4.76667,20,18,10,9
TR,NL,2,27,6,1,4,1,1,9,6,2,6,6,6,6,6,6,6,6,7,6,7,2,7,5,2,6,4,4,6,4,3,5,6,3,5,2,7,3,4,3,5,4,3,2,1,1,2,3,4,6,5,3,6,5,7,7,7,7,6,5,5,4,4,4,6,7,93.75,4,3.33333,4.125,3.83333,3.9,25,23,10,11
TR,NL,2,40,5,4,10,2,1,9,6,3,6,6,6,6,6,6,6,6,7,5,5,2,7,4,7,5,6,4,7,5,3,6,7,7,4,7,6,6,4,5,5,3,3,5,6,5,4,5,4,6,5,6,6,2,3,3,4,5,7,5,6,2,4,4,5,4,93.75,6,3.5,5.5,5.33333,5.13333,20,15,9,8
TR,NL,2,41,6,1,2,1,1,9,3,6,6,6,6,6,6,6,6,6,7,7,7,3,7,7,5,4,5,3,7,4,4,6,5,6,5,5,6,5,5,6,4,5,4,5,4,5,4,5,5,5,5,6,4,5,4,4,4,4,6,5,6,3,4,5,6,5,93.75,5.33333,4.33333,5.125,4.83333,4.9,20,16,10,10
TR,NL,2,32,5,2,6,1,1,9,3,3,6,6,6,6,6,6,3,6,4,5,5,6,6,6,6,2,7,7,7,7,3,4,5,3,2,3,5,6,3,3,5,4,4,4,4,4,4,4,4,4,5,6,3,3,5,3,5,3,4,4,6,6,5,6,6,6,93.75,4.66667,4,4.375,4,4.36667,20,16,11,12
TR,NL,1,30,6,3,1,2,6,9,3,3,6,6,1,6,3,3,2,6,7,1,7,1,7,1,5,3,7,5,4,7,5,4,6,6,7,6,7,6,6,3,4,4,6,5,5,5,3,6,7,6,5,5,5,6,2,1,4,1,5,1,4,4,2,1,6,1,93.75,5.33333,5.5,4.25,6.33333,5.3,15,7,8,2
TR,NL,2,57,5,2,4,2,1,9,6,3,6,6,6,6,6,6,2,6,7,7,7,7,7,7,6,6,6,6,6,4,3,5,6,5,5,5,4,6,4,6,6,6,5,5,4,6,5,7,5,4,7,6,7,4,2,2,7,7,7,7,2,2,7,7,7,7,93.75,6,4.66667,5.5,4.5,5.33333,18,18,14,14
TR,NL,2,33,6,1,1,2,6,9,3,3,6,6,6,6,6,6,6,6,5,1,6,1,5,1,6,3,6,4,5,6,5,6,6,5,5,5,5,5,4,6,5,5,3,5,5,5,3,5,6,5,5,6,5,4,3,1,5,1,5,1,5,1,3,1,5,1,93.75,5.16667,4.16667,5,5.33333,4.96667,18,4,8,2
TR,NL,2,38,5,4,12,2,1,9,9,6,6,6,3,6,6,6,6,6,7,3,7,2,2,2,5,7,4,2,2,2,5,1,5,2,1,2,7,3,1,1,6,1,1,1,1,4,1,5,3,6,2,3,6,1,7,6,7,6,6,4,4,4,1,1,5,4,93.75,2.83333,2.33333,3.875,2.5,3.03333,24,20,6,5
TR,NL,2,30,5,1,2,2,1,9,6,3,6,6,6,6,6,6,6,6,7,4,7,2,7,2,7,7,6,6,7,6,7,7,7,7,6,7,7,7,6,6,6,7,7,6,6,7,3,6,6,7,5,7,5,4,4,4,4,4,5,5,5,5,4,4,5,5,95,6.33333,6.16667,6.25,6.33333,6.26667,18,18,9,9
TR,NL,2,42,6,1,11,2,1,9,6,3,6,6,6,6,6,6,6,6,7,7,3,3,6,7,6,5,4,3,6,5,4,6,7,6,5,5,7,3,2,7,5,2,4,5,6,6,3,6,6,6,6,7,4,3,2,5,5,5,3,7,6,3,4,5,4,7,95,5.83333,3.66667,5.75,5.66667,5,16,20,8,12
TR,NL,2,25,6,1,2,2,1,9,6,6,6,6,6,6,6,6,3,6,7,4,7,2,7,4,7,6,5,2,5,6,6,4,6,4,4,5,7,6,4,5,6,3,1,6,2,3,6,6,5,5,7,3,5,2,5,5,5,5,6,5,6,4,5,4,5,4,95,5.83333,3,5.5,4.33333,4.73333,22,19,10,8
TR,NL,2,38,5,4,9,1,1,9,6,6,6,6,6,6,6,6,6,6,7,7,7,2,7,5,6,7,4,5,6,6,7,7,6,6,4,3,6,7,6,6,7,4,6,6,6,3,4,6,5,4,5,7,7,4,6,6,6,6,6,6,6,2,6,6,6,6,96.25,5.33333,5.16667,6.25,5.16667,5.53333,24,20,12,12
TR,NL,2,34,6,3,6,1,1,9,6,6,6,6,6,6,6,6,6,6,7,7,4,1,6,7,7,3,4,2,6,7,6,6,6,7,4,4,4,5,3,5,5,5,7,5,6,5,2,5,6,7,6,6,6,4,2,6,4,6,6,6,3,1,4,5,7,7,96.25,5.33333,4.5,4.75,6.16667,5.13333,15,19,11,12
TR,NL,2,27,6,1,11,1,1,9,3,6,6,6,2,6,6,6,6,6,6,6,6,2,6,3,7,5,7,4,6,5,6,5,6,7,5,6,7,4,7,7,5,5,5,7,5,7,3,6,7,6,7,7,7,5,3,5,6,6,7,5,6,2,4,3,5,6,97.5,6.33333,5.66667,5.75,5.83333,5.86667,22,18,9,9
TR,NL,2,45,6,1,2,1,1,9,3,6,6,6,3,6,6,3,6,6,7,7,6,3,7,6,6,5,4,4,5,4,4,6,5,5,3,4,5,4,2,4,5,4,5,4,5,5,5,5,4,6,3,3,3,5,5,5,5,5,5,5,6,3,4,5,4,6,97.5,4.33333,4.16667,4.875,4.5,4.4,21,18,8,11
TR,NL,2,30,5,1,2,1,1,9,6,6,6,6,6,6,6,6,6,6,7,7,7,1,7,3,7,7,5,6,7,7,4,6,7,7,7,7,7,6,6,5,7,5,7,7,7,2,7,7,6,6,7,1,7,7,4,4,7,7,7,7,4,4,1,1,7,7,98.75,7,5.33333,5.875,6.66667,6.13333,22,22,8,8
TR,USA,2,37,5,1,3,1,9,2,6,6,6,6,6,6,6,6,6,6,7,7,7,7,7,7,6,3,6,6,7,7,6,7,4,7,7,4,4,1,4,5,5,6,4,7,4,2,5,5,2,4,6,5,5,4,5,7,5,7,5,7,5,5,5,7,5,7,53.75,5.5,4.33333,5,5.16667,4.93333,20,26,10,14
TR,USA,1,33,6,2,3,2,1,9,6,6,6,6,3,6,6,6,6,6,7,6,1,1,7,7,1,2,6,2,1,2,2,3,6,1,7,2,2,3,2,4,6,2,6,6,4,2,6,6,2,2,6,3,7,7,2,7,3,7,5,7,5,1,5,7,5,7,55,4.5,3.5,3.375,3,3.7,15,22,10,14
TR,USA,2,37,5,4,9,1,1,2,6,6,6,6,6,6,6,6,6,6,6,7,7,7,6,7,7,6,7,7,7,7,5,6,7,6,4,1,5,5,7,3,7,6,7,7,7,3,5,7,2,1,7,5,7,7,5,7,7,7,5,7,7,1,6,7,5,7,56.25,6,6,5.5,4.5,5.6,24,22,11,14
TR,USA,2,34,6,1,3,1,1,9,3,6,6,6,6,6,6,6,3,6,7,4,7,3,7,5,7,7,7,6,5,5,6,7,6,6,4,4,6,2,6,6,6,2,6,6,6,5,6,6,5,5,6,6,7,6,6,6,6,6,6,6,4,4,5,5,5,5,57.5,5.5,5.83333,6.375,5.16667,5.6,22,22,10,10
TR,USA,2,48,2,2,12,1,1,9,6,6,6,6,6,6,6,6,6,6,7,7,7,2,7,7,6,6,5,5,5,6,3,4,5,6,5,3,5,5,4,5,6,4,5,4,4,4,3,5,5,5,4,4,5,4,4,3,5,6,5,6,4,1,4,5,4,5,58.75,4.33333,4.16667,4.875,5.16667,4.66667,18,16,8,10
TR,USA,2,36,6,1,1,1,1,9,3,6,6,6,6,6,6,6,6,6,7,6,7,3,7,7,7,7,7,7,7,7,7,7,7,7,7,6,7,7,7,7,7,7,7,7,7,7,1,7,7,7,4,6,7,2,4,4,5,5,5,5,5,3,5,5,5,5,60,6.33333,6.16667,6.125,7,6.46667,19,17,10,10
TR,USA,2,47,5,1,4,1,1,2,6,6,6,6,6,6,6,6,6,6,5,6,4,4,4,3,3,5,5,4,6,6,4,6,7,4,6,4,4,5,3,5,4,5,4,6,7,4,3,4,5,5,4,4,3,3,4,7,3,6,6,6,4,3,4,4,6,6,61.25,5.16667,3.66667,4.25,5.5,4.6,17,22,10,10
TR,USA,2,31,6,2,3,1,1,9,6,6,6,6,6,6,6,6,6,6,7,7,7,7,7,7,5,7,4,4,4,5,3,6,5,4,5,3,7,6,2,7,7,2,4,6,4,3,3,4,4,6,4,7,2,2,4,6,7,7,5,5,4,2,4,6,5,4,62.5,4.33333,3,6.125,4.66667,4.5,20,20,9,10
TR,USA,2,32,5,2,3,1,1,9,6,6,6,6,6,6,6,6,6,6,7,7,5,4,7,6,4,6,4,5,3,4,4,6,7,6,5,2,6,5,3,6,7,5,6,7,3,4,5,6,4,5,6,3,6,4,5,6,6,6,5,7,6,5,6,6,7,5,62.5,5.16667,4.33333,5.375,4.5,4.9,22,24,13,11
TR,USA,2,47,6,1,1,1,1,9,3,6,6,6,6,6,6,6,6,6,7,7,5,7,7,7,7,7,7,7,7,7,7,7,7,7,7,2,7,7,7,7,7,7,7,7,7,6,7,7,7,7,7,6,5,6,7,7,7,7,5,5,5,3,6,6,6,6,65,6.16667,6.66667,6.875,7,6.66667,24,22,12,12
TR,USA,1,29,6,1,1,1,1,1,6,6,6,6,6,6,6,6,6,6,7,4,7,3,7,3,7,7,7,6,7,7,5,7,7,7,3,6,7,7,7,7,5,7,1,7,7,7,3,5,6,5,7,7,7,5,3,5,5,1,5,3,7,1,4,3,7,4,65,6.5,5.16667,6.25,5.83333,6.1,20,10,11,7
TR,USA,2,54,6,4,8,1,1,9,6,6,6,6,6,6,6,6,3,6,6,7,6,6,7,7,5,7,7,7,7,7,7,7,7,7,4,6,7,7,7,7,7,1,3,7,6,6,6,7,2,1,7,7,7,2,2,3,7,7,4,5,6,6,5,5,6,6,65,6.83333,5.33333,6.625,4.5,5.83333,19,21,11,11
TR,USA,2,32,6,4,6,1,1,9,6,3,6,6,6,6,6,6,6,6,7,7,7,7,7,7,7,6,6,5,6,4,5,7,7,7,7,1,6,6,6,6,7,6,5,5,5,3,4,5,7,7,4,3,7,7,1,2,1,4,7,7,5,1,2,1,5,6,65,4.66667,5.16667,5.75,6.16667,5.56667,14,14,7,7
TR,USA,2,40,5,1,2,1,1,2,1,6,6,6,2,6,6,6,3,6,7,7,4,4,4,5,5,4,5,5,6,1,4,3,3,7,4,4,6,6,7,3,7,7,7,7,7,1,7,4,3,5,5,5,7,5,5,5,5,5,4,4,6,3,6,6,6,6,66.25,4.83333,4.83333,5,4.5,5,20,17,12,12
TR,USA,2,38,6,1,2,1,1,9,6,2,6,6,6,6,6,6,6,6,7,7,7,4,7,4,7,7,7,7,7,7,6,7,7,6,7,3,7,7,5,6,7,7,6,7,7,7,2,7,6,7,7,7,7,6,2,4,4,4,6,6,6,3,4,4,6,6,66.25,6.33333,6.16667,6.25,6.66667,6.43333,18,17,10,10
TR,USA,2,43,6,3,6,1,1,9,6,6,6,6,6,6,6,6,6,6,7,7,7,7,7,7,7,7,7,6,7,6,7,7,7,7,4,4,7,7,6,7,7,6,7,6,1,3,6,7,3,4,6,7,7,6,6,7,7,7,6,7,6,4,7,7,7,7,66.25,6.16667,5.83333,6.875,4.16667,5.96667,25,25,14,14
TR,USA,2,56,5,4,9,1,1,9,6,6,6,6,9,6,6,6,6,6,7,6,7,6,6,6,7,2,3,6,5,6,3,7,7,7,4,4,5,5,6,6,5,4,6,4,4,6,2,3,4,4,4,6,5,6,5,6,5,5,6,7,4,4,3,3,6,7,66.25,4.5,5.5,5,4.83333,4.86667,20,22,9,10
TR,USA,2,36,6,1,2,1,1,2,6,6,6,6,6,6,6,6,6,6,5,7,4,3,6,6,4,4,6,6,6,5,7,7,4,6,4,4,7,7,3,5,4,6,5,5,4,4,3,5,5,6,5,6,6,4,5,6,6,6,3,6,5,1,5,5,5,6,67.5,4.83333,4.83333,5,5,5.1,19,19,10,11
TR,USA,2,45,6,1,1,1,1,9,6,6,6,6,6,6,6,6,6,6,7,7,4,7,7,7,7,7,7,6,6,7,4,7,7,6,6,4,7,7,7,3,7,6,7,7,5,5,2,6,6,4,5,5,5,5,2,4,5,5,5,5,6,3,5,5,5,5,67.5,5.83333,5.66667,5.625,5.66667,5.76667,18,17,10,10
TR,USA,2,45,6,1,2,1,1,9,3,6,6,6,3,6,6,6,3,6,7,7,5,5,5,5,4,6,4,5,7,5,5,6,5,2,5,4,7,6,5,6,6,5,5,4,5,4,4,4,4,5,3,5,6,2,6,6,6,6,6,6,4,6,6,6,6,6,68.75,4.5,4.33333,5.5,4.33333,4.8,22,24,12,12
TR,USA,2,35,6,1,3,1,1,9,6,3,6,6,6,6,6,6,6,6,7,7,4,7,7,7,2,4,6,7,7,4,7,7,7,6,6,3,7,6,6,6,7,6,7,7,7,6,2,5,6,6,6,6,6,7,5,5,6,7,5,5,5,5,5,5,5,5,68.75,5.83333,6.66667,5.125,5.83333,5.83333,21,22,10,10
TR,USA,2,54,5,1,3,1,1,9,6,6,6,6,6,6,6,6,3,6,6,7,6,6,6,6,3,2,1,1,1,1,3,3,7,2,6,4,7,1,7,2,7,3,1,1,4,3,7,3,3,3,2,7,3,1,7,7,6,7,6,7,6,3,6,6,7,7,72.5,3,2.66667,4.75,3.16667,3.3,25,24,13,13
TR,USA,2,49,6,1,2,1,1,9,6,6,6,6,6,6,6,6,6,6,7,7,7,7,7,7,5,6,7,6,7,6,6,7,7,6,5,2,7,7,7,6,6,7,7,7,6,5,2,7,5,7,7,7,7,6,5,4,7,7,7,7,7,4,4,7,7,7,72.5,6.16667,6.16667,5.75,5.83333,6.1,26,22,11,14
TR,USA,2,28,5,4,12,1,1,2,6,6,6,6,6,6,6,6,2,6,7,4,7,1,5,5,5,5,7,3,7,7,6,6,7,7,1,7,7,7,2,7,7,7,4,7,7,6,6,7,7,7,7,7,7,7,5,7,6,7,7,7,7,2,6,7,7,7,72.5,7,4.66667,6.25,6,6.13333,25,23,13,14
TR,USA,2,39,5,1,2,1,1,9,6,6,6,6,6,6,6,6,6,6,7,7,7,6,7,7,5,5,7,6,7,7,7,7,5,7,6,7,4,7,7,7,7,7,4,7,6,2,4,7,3,6,6,7,7,3,5,6,5,5,6,6,6,1,6,6,6,6,75,6.5,4.83333,5.75,5.83333,5.9,22,18,12,12
TR,USA,2,36,5,4,9,1,1,9,6,6,6,6,6,6,6,6,6,6,7,7,7,7,3,7,6,2,7,6,7,7,5,6,7,4,6,6,7,2,6,6,7,6,5,7,5,5,4,5,6,7,6,6,7,2,7,7,6,7,5,7,7,7,6,7,6,7,75,6.33333,4.83333,5.5,5.83333,5.6,25,28,12,14
TR,USA,2,54,5,1,1,1,1,9,3,6,6,6,6,6,6,6,6,6,7,6,4,2,7,6,6,7,7,6,7,6,7,6,7,6,6,7,7,7,6,4,7,7,6,7,6,7,4,7,3,7,7,7,7,2,2,4,4,4,4,4,2,2,4,4,4,6,75,7,5.66667,6,5.66667,6.2,12,14,8,10
TR,USA,2,53,4,2,11,1,1,9,3,6,6,6,2,6,6,6,6,6,5,7,7,5,3,5,6,7,5,6,7,7,6,7,7,6,6,5,6,6,4,6,7,6,5,7,7,5,5,6,2,6,6,7,5,1,5,6,4,5,3,5,6,3,3,3,3,4,75,6.33333,4.5,6.375,5.66667,5.73333,18,19,6,7
TR,USA,2,43,6,1,2,1,1,9,6,6,6,6,6,6,6,6,6,6,7,7,4,6,7,2,7,7,6,5,7,7,6,7,6,2,6,2,7,7,6,5,6,6,4,6,6,3,6,6,6,6,7,7,6,5,5,7,6,7,6,7,6,4,7,7,7,7,75,5.66667,4.83333,6.5,5.5,5.76667,23,25,14,14
TR,USA,2,37,5,3,12,1,1,9,6,6,6,6,6,6,6,6,6,6,7,7,7,7,7,7,5,6,6,5,7,7,1,7,7,1,6,7,6,1,6,1,7,3,3,7,7,2,3,7,4,5,3,1,7,7,7,7,7,7,7,7,5,4,7,7,7,7,76.25,6.33333,4,4.5,5,4.83333,26,25,14,14
TR,USA,2,63,1,4,8,2,1,2,6,6,6,6,6,6,6,6,6,6,6,7,6,4,7,6,7,6,6,1,7,6,3,7,7,2,6,4,7,7,6,7,7,3,5,6,4,4,1,4,2,6,6,7,7,2,6,7,7,7,7,7,6,4,6,6,7,7,76.25,5.66667,3.5,6.125,4.33333,5.1,26,25,13,13
TR,USA,2,41,6,4,9,1,1,9,3,6,6,6,6,6,6,6,6,6,7,7,7,4,7,5,7,6,5,6,7,5,6,6,4,5,2,4,7,6,5,6,5,6,6,6,5,6,5,4,4,3,6,6,6,6,5,6,6,6,7,7,5,2,6,6,6,6,77.5,5.16667,5.83333,6,4,5.36667,23,21,12,12
TR,USA,2,36,6,4,9,1,1,9,6,6,6,6,6,6,6,6,6,6,7,7,7,4,7,7,5,7,4,7,7,4,7,7,7,4,7,2,7,7,7,7,7,4,7,7,7,3,7,7,2,7,7,7,7,7,5,7,6,6,5,7,7,3,7,7,6,7,77.5,6.16667,6.33333,6.75,5.16667,6.06667,23,23,13,14
TR,USA,2,49,6,3,11,1,1,9,6,6,6,6,6,6,6,3,6,6,5,4,7,1,7,2,3,6,5,7,7,4,6,7,5,4,6,4,3,7,6,3,6,7,6,7,1,7,6,6,4,5,5,5,5,6,6,6,4,2,3,5,5,3,3,3,4,4,77.5,5.66667,6.33333,4.875,4,5.3,18,16,7,7
TR,USA,2,46,6,1,1,1,9,9,6,3,6,6,6,6,6,6,6,6,7,7,5,4,7,7,7,6,7,3,6,7,2,6,6,4,4,6,7,7,6,2,6,3,5,6,5,3,5,5,2,4,5,6,7,5,6,7,7,7,7,7,5,3,6,7,6,7,77.5,5.66667,4,5.625,4.33333,5.1,25,24,12,14
TR,USA,2,44,5,3,12,1,1,9,6,6,6,6,6,6,6,6,3,6,6,3,6,2,6,2,4,4,5,5,7,7,3,1,7,5,5,1,7,5,7,3,7,2,4,7,7,4,5,7,4,4,4,4,6,7,5,6,7,6,7,7,6,4,4,5,7,7,77.5,5.5,5,4.375,5.33333,4.93333,25,23,11,12
TR,USA,2,49,5,2,11,1,1,9,6,6,6,6,6,6,6,6,6,6,7,7,3,3,7,7,6,6,6,2,4,2,2,1,3,2,1,5,7,1,1,7,7,4,1,5,2,6,5,5,4,6,1,2,1,1,7,7,7,7,5,7,5,2,7,7,5,7,78.75,3.83333,2.16667,5.125,2.83333,3.53333,24,23,12,14
TR,USA,2,43,6,1,11,1,1,9,3,6,6,6,6,6,6,6,6,6,7,3,7,1,7,6,7,7,7,6,7,7,7,7,7,7,7,7,7,7,6,7,7,7,7,7,7,5,4,7,4,6,7,7,7,5,5,5,7,7,7,7,7,4,5,5,7,7,78.75,7,6,6.625,6.33333,6.56667,26,23,12,12
TR,USA,2,32,6,4,7,2,1,9,6,6,6,6,6,6,6,6,9,6,5,7,5,1,4,5,7,3,6,3,7,3,6,6,4,5,5,4,4,5,3,5,5,6,2,6,5,3,3,5,5,6,6,3,5,5,4,4,4,4,4,4,4,4,4,4,4,4,80,5.33333,3.66667,4.5,4.83333,4.7,16,16,8,8
TR,USA,2,33,6,2,7,1,1,9,6,6,6,6,6,6,6,6,2,6,7,7,5,5,7,7,5,3,5,3,4,5,6,6,7,5,5,4,7,7,3,7,5,5,3,4,5,3,7,5,6,5,5,4,5,1,5,7,7,7,5,7,5,2,6,6,6,6,80,4.83333,3.16667,5.5,5.16667,4.83333,22,23,12,12
TR,USA,2,70,4,2,4,1,1,2,6,6,6,6,6,6,6,6,6,6,7,7,7,7,7,7,5,4,4,1,7,3,6,7,7,5,3,7,2,2,6,6,6,7,6,7,5,6,6,6,6,2,6,6,7,3,6,7,7,7,7,7,6,6,6,6,6,6,80,6.66667,4.66667,5.25,4,5.13333,26,27,12,12
TR,USA,2,38,6,1,3,2,1,9,6,9,6,6,6,6,6,6,3,6,7,7,7,6,7,5,6,6,6,6,6,7,4,6,7,7,6,6,7,7,5,6,3,6,6,6,5,4,4,6,6,3,6,6,6,3,3,2,5,5,7,7,5,3,5,5,6,6,80,6.16667,4.66667,5.5,5.66667,5.6,20,17,11,11
TR,USA,2,39,5,1,2,1,1,9,6,6,6,6,6,6,6,6,6,3,7,4,7,4,7,2,6,6,5,6,6,5,4,4,4,6,4,5,6,6,5,6,5,6,5,7,2,6,4,5,6,6,6,6,4,2,6,4,6,6,7,7,4,4,7,7,7,7,80,5.5,4.66667,5.375,4.83333,5.13333,23,21,14,14
TR,USA,2,43,6,1,2,1,1,9,6,6,6,6,6,6,6,6,6,6,7,7,7,2,7,7,6,6,7,7,7,4,6,6,6,7,4,3,7,7,7,7,5,7,6,7,4,5,6,6,3,5,6,7,7,7,7,7,7,7,5,5,5,5,7,7,6,6,80,5.83333,6.33333,6.25,4.5,5.93333,24,24,13,13
TR,USA,2,52,6,4,8,1,1,9,6,6,6,6,6,6,6,6,6,6,7,7,7,2,7,3,7,7,6,7,7,6,7,7,7,7,5,7,7,7,7,6,6,7,7,1,7,3,2,7,4,6,7,7,7,4,4,6,6,2,7,2,4,1,4,3,6,3,80,6,5.83333,6.125,5.83333,6.06667,21,11,10,6
TR,USA,2,43,6,1,1,1,1,9,6,6,6,6,6,6,6,6,6,6,7,4,5,3,7,7,5,5,5,6,6,5,4,6,5,6,3,5,6,5,5,5,4,5,2,5,3,6,4,5,7,5,4,5,6,3,4,5,2,3,4,5,2,1,3,2,4,6,80,5,4.33333,5,4.83333,4.86667,12,14,7,8
TR,USA,1,34,6,1,2,1,1,9,6,3,6,6,6,6,6,6,6,6,7,7,7,7,7,7,6,7,4,6,3,7,7,7,6,7,6,3,7,6,3,7,6,3,5,5,6,6,7,6,7,5,4,7,6,2,5,7,6,6,6,6,5,3,3,4,5,4,80,4.5,4.83333,6.75,6.33333,5.56667,22,22,8,8
TR,USA,2,39,5,4,9,1,1,9,2,3,6,6,6,6,6,6,6,6,7,7,7,3,7,7,7,4,7,7,7,7,3,7,7,7,6,4,7,7,6,7,6,6,5,6,6,3,6,7,3,4,6,7,7,6,5,5,7,7,7,7,7,1,7,7,7,7,80,6.16667,5,6.375,5.5,5.93333,26,20,14,14
TR,USA,2,45,6,2,3,1,1,9,3,3,6,6,6,6,6,6,6,6,6,7,6,7,7,7,4,5,4,5,3,4,4,3,5,4,3,4,4,4,3,3,4,3,4,4,3,4,3,5,3,4,4,4,5,4,2,5,4,5,4,6,4,3,4,5,4,5,81.25,4.16667,4,3.75,3.5,3.86667,14,19,8,10
TR,USA,2,36,6,1,2,1,1,9,6,6,6,6,6,6,6,6,6,6,7,7,6,3,6,6,5,6,4,5,5,6,5,6,7,5,2,6,6,4,5,7,6,6,6,5,3,3,6,6,6,6,6,7,5,4,6,7,7,7,7,7,6,3,7,7,6,6,81.25,5.83333,4.66667,6.125,4.66667,5.3,26,24,13,13
TR,USA,2,70,5,4,8,1,1,9,6,6,6,6,6,6,6,6,6,6,7,7,7,7,7,7,4,7,4,7,7,7,6,7,7,6,3,7,7,7,7,5,7,5,7,7,1,4,2,7,5,6,7,7,7,7,4,6,4,4,5,6,5,5,4,4,6,6,81.25,7,6.33333,5.75,4.66667,5.9,18,21,10,10
TR,USA,2,55,5,1,1,1,1,9,6,9,6,6,6,6,6,6,6,6,7,7,7,1,7,7,4,7,6,7,7,7,4,7,7,7,6,7,7,6,7,7,7,4,7,7,7,5,6,7,4,7,7,7,7,7,2,5,6,2,7,7,5,2,3,3,7,7,81.25,7,6.16667,6.5,6.33333,6.4,20,16,10,10
TR,USA,2,44,6,3,1,1,1,9,6,6,6,6,3,6,6,6,6,6,7,7,7,2,7,2,7,7,5,6,7,7,4,6,7,6,6,7,7,6,2,6,7,4,5,6,2,6,4,7,3,6,6,7,6,5,4,4,7,5,7,7,6,2,6,6,7,7,82.5,6.66667,4.66667,6.375,5,5.66667,24,18,13,13
TR,USA,2,34,5,4,6,1,1,9,6,6,6,6,6,6,6,6,6,6,7,6,7,3,7,3,5,4,6,5,6,5,4,6,6,5,5,4,3,4,6,3,5,5,6,6,4,3,6,6,5,4,6,6,6,6,5,5,6,6,6,5,6,3,6,6,6,6,82.5,5.66667,5,4.75,4.66667,5.03333,23,19,12,12
TR,USA,2,32,6,1,11,1,1,9,6,6,6,6,6,6,6,6,6,6,6,7,5,4,5,4,6,5,2,5,6,5,6,6,5,5,6,5,5,5,4,7,6,6,5,5,4,5,6,5,4,5,6,5,5,3,6,5,4,5,6,7,6,3,6,6,6,5,82.5,5.33333,4.66667,5.75,4.83333,5.1,22,20,12,11
TR,USA,2,37,6,1,1,1,1,9,6,3,6,6,6,6,6,6,6,6,7,7,7,3,7,7,6,7,7,6,7,6,4,6,6,6,5,4,7,6,6,6,6,6,6,6,4,4,4,6,3,4,6,5,6,4,7,7,7,7,7,7,7,4,7,7,7,7,82.5,5.83333,5,5.875,4.66667,5.5,28,25,14,14
TR,USA,2,40,6,3,1,1,1,9,6,3,6,6,6,6,6,6,6,6,7,7,7,2,5,3,7,7,7,5,6,6,6,7,7,7,3,6,4,6,5,7,7,7,6,6,5,7,5,4,6,5,6,6,5,3,6,5,7,7,6,2,5,2,5,5,7,7,83.75,5.83333,5.33333,6.25,5.33333,5.8,24,16,12,12
TR,USA,2,52,6,4,9,1,1,9,6,9,6,6,3,6,6,6,9,6,7,7,7,2,7,7,7,6,5,6,2,6,6,4,2,5,3,4,6,6,5,6,4,6,4,6,6,4,2,6,5,2,6,6,6,3,4,5,6,6,6,6,6,6,6,6,6,6,83.75,4.33333,4.66667,5.125,4.5,4.83333,22,23,12,12
TR,USA,2,60,5,2,4,1,1,9,6,6,3,6,6,6,6,6,3,6,7,7,7,6,7,6,7,2,7,5,7,6,3,7,6,3,6,3,5,7,6,5,5,5,3,6,5,3,4,6,4,4,6,3,6,6,5,6,6,7,6,6,4,3,6,5,5,7,83.75,5.66667,4.33333,4.75,4.66667,5.03333,21,22,11,12
TR,USA,2,37,5,1,1,1,1,9,6,6,6,6,6,6,6,6,6,6,7,3,7,1,7,7,7,7,4,6,6,5,5,7,7,3,4,7,7,7,5,7,7,4,7,7,4,6,4,5,3,4,7,7,5,5,4,7,3,5,7,7,4,2,4,4,7,7,85,6.5,5.66667,6.625,3.83333,5.63333,18,21,11,11
TR,USA,2,33,6,1,4,1,1,9,6,6,6,6,6,6,6,6,6,6,7,7,7,7,7,7,6,5,6,5,6,6,5,5,5,5,5,3,6,6,6,6,6,6,5,6,5,5,5,5,6,5,5,5,5,6,4,4,4,4,4,5,5,2,4,4,5,5,85,5,5.33333,5.5,5.33333,5.36667,17,15,9,9
TR,USA,2,55,6,1,1,1,1,9,6,6,6,6,6,6,6,6,6,6,7,7,7,3,7,7,6,3,5,5,3,5,6,7,7,5,5,4,6,7,4,7,5,5,5,7,3,6,7,7,6,5,6,6,1,4,7,7,7,7,5,7,6,6,5,4,7,7,85,5.66667,5,5.875,4.83333,5.26667,25,27,12,11
TR,USA,2,38,6,3,1,1,1,9,6,3,6,6,6,6,6,6,6,6,7,7,7,6,7,7,7,7,7,6,6,6,4,7,7,6,5,7,7,5,5,7,7,6,5,5,5,5,7,5,6,6,5,6,4,4,3,4,3,5,4,5,5,3,3,4,4,5,86.25,5.83333,4.83333,6.875,5.66667,5.83333,15,17,7,9
TR,USA,2,54,5,2,2,1,1,9,3,6,6,6,6,6,6,6,6,6,7,3,7,1,7,3,4,7,4,6,6,6,6,6,6,6,4,6,6,6,6,6,4,6,6,6,6,4,6,6,6,4,6,6,6,4,5,5,5,5,3,5,6,3,6,6,4,6,86.25,6,5.33333,5.625,5.33333,5.56667,19,18,10,12
TR,USA,2,50,6,1,1,1,1,9,6,3,6,6,6,6,6,6,6,6,7,7,7,2,7,1,5,5,4,4,6,5,4,5,5,4,4,4,5,6,3,7,4,4,4,5,4,5,3,4,4,3,5,7,5,4,4,4,5,3,5,3,4,4,4,4,5,4,87.5,4.83333,4,5.125,4,4.56667,18,14,9,8
TR,USA,2,39,6,3,2,1,1,9,6,3,6,6,6,6,6,6,3,6,7,7,7,3,7,7,7,7,6,5,7,7,6,5,6,6,6,6,7,7,7,6,7,5,7,7,7,6,6,6,4,4,7,7,7,3,5,6,6,7,7,7,7,2,7,7,7,7,87.5,6.5,5.66667,6.5,5.66667,6.13333,25,22,14,14
TR,USA,2,43,5,4,9,1,1,9,6,6,6,6,6,6,6,6,3,6,7,4,6,2,7,6,4,6,5,6,6,5,3,6,7,6,4,4,4,7,6,7,4,6,7,7,4,4,4,4,4,4,4,6,4,4,3,5,6,4,7,4,5,3,6,4,6,4,87.5,5.33333,5,5.125,4.5,5.06667,21,16,12,8
TR,USA,2,39,6,1,3,1,1,9,6,6,6,6,6,6,6,6,6,6,7,7,7,2,7,4,6,6,3,5,6,5,6,2,6,5,4,5,6,6,4,7,5,5,5,5,5,6,5,5,6,5,5,7,5,3,4,4,6,4,5,5,4,2,4,4,4,4,87.5,5.33333,4.83333,5.5,5,5.13333,19,15,8,8
TR,USA,2,47,6,1,2,1,1,9,6,6,6,6,6,6,6,6,6,3,7,5,7,2,7,3,5,7,6,6,6,6,4,6,6,6,6,5,6,7,6,6,6,6,6,5,5,6,5,6,5,5,5,6,6,4,6,6,7,6,7,7,4,4,7,6,7,7,88.75,5.5,5.33333,5.875,5.5,5.66667,24,23,14,13
TR,USA,2,37,5,1,2,1,1,9,6,6,6,6,6,6,6,6,6,6,7,7,7,1,7,7,7,7,5,4,6,5,7,6,5,7,5,7,7,7,6,7,6,4,5,6,4,6,5,4,7,6,4,6,7,4,7,7,7,7,7,7,4,2,4,5,5,5,88.75,5.33333,5.33333,6.375,5.66667,5.73333,25,23,9,10
TR,USA,2,44,5,3,4,2,1,9,6,3,6,6,6,6,6,6,6,6,7,4,5,3,7,4,6,7,4,5,7,7,6,7,6,6,6,5,7,6,6,7,6,5,5,6,6,6,3,6,6,6,4,7,6,4,4,4,5,5,4,4,3,3,4,4,4,4,88.75,5.66667,5.33333,6.25,6.16667,5.8,16,16,8,8
TR,USA,2,48,6,1,1,1,1,9,6,6,6,6,6,6,6,6,6,6,7,7,7,2,7,7,5,7,7,7,7,7,6,7,7,4,7,6,7,7,5,6,7,3,7,7,7,7,4,7,4,7,7,7,7,3,4,7,5,5,7,7,3,1,4,6,7,7,88.75,6.83333,5.83333,6.25,6,6.2,19,20,11,13
TR,USA,2,49,5,4,9,1,1,9,6,6,6,6,6,6,6,6,6,6,7,7,7,5,7,7,3,6,6,4,6,5,7,6,7,6,7,7,7,7,6,6,7,6,6,5,3,6,2,5,6,2,6,7,6,5,5,6,6,6,7,7,5,4,4,4,6,6,90,6,5.66667,5.5,4.83333,5.6,23,23,10,10
TR,USA,2,54,5,1,2,1,1,9,3,6,6,6,6,6,6,6,6,6,7,6,7,1,7,3,5,6,6,6,7,6,5,7,7,3,3,7,7,6,6,7,6,2,7,7,3,6,5,6,3,4,6,6,6,7,2,2,6,6,5,6,3,3,4,5,6,6,90,6.66667,6.16667,6.125,3.66667,5.6,16,17,10,11
TR,USA,2,46,6,2,2,1,1,9,6,6,6,6,6,6,6,6,6,6,7,7,7,5,7,7,6,6,5,7,6,4,3,7,5,4,6,7,7,7,7,6,7,6,7,6,5,3,5,5,2,7,6,6,6,6,5,3,6,6,6,4,6,2,5,5,5,5,90,5.83333,5.5,6.25,4.66667,5.66667,23,15,10,10
TR,USA,2,47,5,4,9,1,1,2,6,6,6,6,6,6,6,6,6,6,6,3,7,5,7,7,7,7,7,7,7,7,7,1,7,7,1,1,7,7,7,7,7,1,7,7,7,1,7,7,1,1,7,7,7,7,4,4,7,7,7,7,1,2,7,7,7,7,90,6,6,6.25,4,5.6,19,20,14,14
TR,USA,2,51,5,2,3,2,1,9,6,3,6,6,3,6,6,6,6,6,7,6,7,1,7,2,7,6,7,5,6,7,6,2,7,6,6,6,7,6,6,6,6,7,7,7,5,5,5,6,5,6,7,6,7,3,1,1,1,1,7,4,7,1,1,1,7,1,91.25,6.5,5.33333,5.625,5.83333,5.93333,16,7,8,2
TR,USA,2,46,5,1,11,1,1,9,6,6,6,6,6,6,6,6,6,6,7,7,6,6,6,6,5,7,6,3,5,4,4,7,6,3,5,5,3,7,6,5,7,5,4,5,4,5,2,5,3,4,6,6,6,2,6,6,6,6,6,6,5,3,6,6,6,6,92.5,5.33333,4,5.25,3.83333,4.83333,23,21,12,12
TR,USA,2,45,5,1,2,1,1,9,6,6,6,6,6,6,6,6,6,6,7,7,7,5,7,7,4,7,6,7,7,7,7,6,6,7,7,7,7,7,7,7,6,7,7,7,7,7,4,7,5,2,7,7,7,7,7,7,7,7,7,7,6,3,6,6,7,7,92.5,6.83333,7,6,5.83333,6.43333,27,24,13,13
TR,USA,2,43,6,1,1,1,1,9,6,3,6,6,6,3,6,6,3,6,7,7,7,5,7,7,7,7,7,6,7,7,4,7,7,7,5,3,7,7,7,1,7,7,7,7,7,6,6,7,5,1,7,7,7,4,6,6,6,7,7,7,6,7,6,7,7,7,92.5,6.33333,5.66667,6.125,5.33333,6.03333,25,27,13,14
TR,USA,2,50,5,3,2,1,1,9,3,6,6,6,6,6,6,6,6,6,5,5,7,3,7,6,7,7,5,6,5,4,5,7,6,4,3,5,7,7,5,7,4,5,6,5,3,6,5,6,5,4,5,6,6,3,4,7,6,3,6,6,6,3,5,7,4,7,92.5,5.33333,5.16667,6.25,3.83333,5.3,22,19,9,14
TR,USA,2,33,6,1,2,1,1,9,2,6,6,6,6,6,6,6,6,6,7,7,7,7,7,7,7,5,4,5,6,5,3,3,7,3,2,3,7,6,5,7,7,2,4,6,1,4,5,7,2,4,7,5,5,3,7,7,7,7,7,7,7,5,7,7,7,7,92.5,6,4,5.75,2.83333,4.66667,28,26,14,14
TR,USA,2,43,6,2,3,1,1,9,6,6,6,6,6,6,6,6,6,6,7,7,5,5,7,3,5,5,4,4,5,5,6,6,6,6,6,5,7,7,3,7,6,5,6,5,4,6,4,4,6,4,5,6,7,3,4,4,5,5,5,6,5,3,5,5,5,6,93.75,5,4.66667,5.75,5.16667,5.26667,19,18,10,11
TR,USA,2,50,4,4,9,1,1,9,6,6,6,6,6,6,6,6,6,6,7,7,7,7,7,7,4,7,6,7,7,7,6,7,7,4,4,7,7,7,1,1,7,7,7,7,4,4,7,7,6,6,5,6,6,6,7,7,7,7,7,7,4,4,5,5,7,7,93.75,6.66667,5.16667,5.75,5.16667,5.8,25,25,12,12
TR,USA,2,44,6,1,2,1,1,9,6,9,6,6,6,6,6,6,6,6,7,7,7,6,7,7,7,6,4,5,5,4,3,6,4,5,4,5,6,5,4,7,7,6,4,5,5,4,5,4,5,5,4,7,4,3,4,4,5,5,5,5,4,3,4,4,5,6,93.75,4.5,3.83333,6.375,4.66667,4.93333,18,17,9,10
TR,USA,2,29,6,1,7,1,1,9,6,6,6,6,6,6,6,6,6,6,7,7,7,1,7,7,7,5,7,6,7,6,6,7,7,7,6,7,7,7,7,7,7,7,7,7,7,3,3,7,6,3,7,7,7,5,2,6,3,6,7,7,7,1,6,6,6,7,93.75,7,5.66667,6.25,5.83333,6.3,19,20,12,13
TR,USA,2,31,6,1,3,1,1,9,6,3,6,6,6,6,6,6,3,6,7,7,7,7,7,7,4,4,5,5,5,4,4,5,5,5,4,5,5,5,3,5,3,6,3,5,4,4,3,4,5,5,4,5,5,4,4,5,5,5,5,6,4,3,4,5,5,5,93.75,4.66667,3.83333,4.25,4.5,4.43333,18,19,9,10
TR,USA,2,44,6,1,1,1,1,9,3,3,6,6,2,6,3,6,9,6,7,5,7,2,7,7,5,6,4,2,3,6,5,5,5,3,2,2,5,6,6,2,5,2,6,4,4,2,3,4,2,2,3,2,6,2,4,4,5,6,5,5,5,4,4,4,4,4,95,3.5,3.83333,4.125,3.16667,3.8,19,19,8,8
TR,USA,2,46,6,1,1,1,1,1,6,3,6,6,6,6,6,6,6,6,7,6,7,1,7,4,7,3,7,5,5,6,6,7,6,4,6,7,7,6,6,2,5,6,4,6,4,4,6,5,3,6,6,3,4,4,5,6,5,5,6,6,5,5,5,5,6,6,95,5.83333,4.83333,5,4.83333,5.2,21,22,11,11
TR,USA,2,45,5,4,8,1,1,9,3,6,6,6,6,6,6,6,6,6,7,7,7,1,7,7,6,7,4,3,6,3,6,6,6,5,4,4,7,7,4,6,6,4,4,5,3,3,5,6,6,5,5,7,6,4,4,5,5,5,6,3,6,2,6,6,7,4,95,5.33333,4,6.25,4.33333,5.1,21,15,13,10
TR,USA,2,42,5,2,11,1,1,9,6,6,6,6,6,6,6,6,6,6,5,7,5,5,6,5,2,6,4,7,3,5,5,6,7,3,5,5,7,7,5,3,6,3,6,4,2,4,5,4,2,7,3,3,2,1,3,5,7,7,6,6,5,4,5,5,6,6,95,4.33333,4.66667,4.75,4,4.4,21,22,11,11
TR,USA,2,53,5,4,9,1,1,9,6,6,6,6,6,6,6,6,6,6,7,7,7,3,7,3,6,5,6,5,5,6,5,7,6,7,6,7,7,7,6,5,6,5,6,3,6,5,6,6,5,7,3,7,6,3,7,7,3,3,7,7,3,3,7,7,7,7,95,5,5,6.125,6.16667,5.66667,20,20,14,14
TR,USA,2,43,6,1,2,1,1,9,6,3,6,6,6,6,6,6,6,6,7,7,7,2,3,2,4,7,7,3,6,6,4,6,7,4,7,2,7,6,4,5,6,7,3,6,5,2,5,6,6,5,5,6,6,4,3,6,7,7,7,7,4,1,5,5,7,7,95,5.33333,3.33333,5.75,5.5,5.23333,21,21,12,12
TR,USA,2,45,5,1,1,1,1,1,6,3,6,6,6,6,6,6,3,6,7,4,7,7,7,7,7,7,7,7,7,7,4,7,7,5,5,6,7,7,7,7,7,7,7,6,7,7,7,7,7,7,7,5,7,4,7,7,6,7,4,6,6,5,1,2,7,7,95,6.66667,6,6.75,6.33333,6.53333,23,25,8,9
TR,USA,2,51,6,3,11,1,1,9,6,3,3,6,6,6,6,6,6,6,7,5,7,5,7,5,5,5,6,6,7,7,6,7,7,7,4,7,7,7,7,7,6,7,6,7,4,6,4,7,7,6,7,7,7,1,4,5,4,5,6,7,1,1,2,3,6,7,96.25,7,5.33333,6,5.83333,6.13333,15,18,8,10
TR,USA,2,45,3,1,4,1,1,2,6,6,6,6,6,6,6,6,6,6,7,7,7,7,4,7,4,4,6,4,5,5,4,4,6,5,5,6,5,5,4,6,3,5,4,5,5,5,4,5,6,4,5,3,5,3,4,5,5,6,5,5,5,4,4,4,4,5,96.25,5.33333,4,4.125,5,4.66667,19,20,8,9
TR,USA,2,47,2,3,2,1,1,9,6,3,6,6,6,6,6,6,3,6,7,7,7,7,7,7,5,2,6,3,6,7,3,4,7,4,5,3,4,4,4,3,4,5,5,7,6,3,7,5,4,4,4,4,6,4,7,7,7,7,7,7,7,2,7,6,7,7,96.25,5.33333,3.66667,4.125,5,4.6,28,23,14,13
TR,USA,2,36,5,4,7,1,1,9,6,6,6,6,6,6,6,6,6,6,7,7,6,6,7,7,5,6,6,6,7,6,3,7,7,7,5,7,7,5,5,7,5,6,6,7,7,6,4,7,6,7,7,7,5,2,5,5,5,5,7,7,4,4,4,4,5,5,96.25,7,4.66667,6,6.33333,5.93333,21,21,9,9
TR,USA,2,44,5,3,11,1,1,9,6,6,6,6,2,6,6,6,6,6,7,7,6,3,5,5,6,7,6,6,6,6,5,6,6,6,6,6,6,6,6,6,6,6,5,6,5,5,3,6,6,6,6,6,6,4,5,5,5,5,5,4,5,5,4,5,5,5,96.25,6,5.16667,5.75,5.83333,5.73333,20,19,9,10
TR,USA,2,42,5,4,9,1,1,9,3,3,6,6,6,6,6,6,6,6,7,4,7,1,7,2,6,6,6,5,7,5,5,6,7,4,5,6,6,5,6,7,6,7,6,7,6,4,5,7,4,4,7,6,7,6,5,3,5,4,7,3,5,3,5,3,6,2,97.5,6.83333,5.33333,6,4.66667,5.8,22,13,11,5
TR,USA,2,39,5,3,1,2,1,9,2,6,6,6,6,6,6,6,6,6,7,7,7,3,7,3,5,6,6,6,7,7,5,6,6,6,5,6,7,6,6,7,6,6,6,7,6,6,6,5,6,6,6,7,6,6,5,5,6,5,6,5,6,4,6,6,5,5,97.5,6.16667,5.83333,6.25,6,6.06667,23,19,11,11
TR,USA,2,37,6,4,12,2,1,9,2,6,6,6,6,2,6,3,6,6,7,7,7,1,6,2,5,2,4,5,7,4,3,5,6,3,4,7,6,7,7,4,3,2,5,7,3,2,3,6,4,3,7,3,7,6,5,3,6,6,6,6,6,3,7,6,6,6,98.75,6.66667,4.66667,3.875,3.5,4.66667,23,18,13,12
TR,EN,2,51,5,1,2,1,1,9,6,6,6,6,6,6,6,6,6,6,7,2,7,2,7,4,7,7,7,7,7,7,7,7,7,7,7,3,7,7,7,7,7,7,7,7,7,4,1,7,7,7,7,7,7,7,5,7,7,7,6,7,7,3,7,7,7,7,51.25,6.33333,6.5,6.25,7,6.56667,25,24,14,14
TR,EN,2,50,5,4,9,1,1,2,6,6,6,6,6,6,6,6,6,6,7,7,7,7,7,7,4,6,4,4,7,4,4,7,3,2,4,4,4,5,5,5,7,7,6,7,5,4,7,6,4,7,5,4,6,5,7,7,7,7,4,5,6,3,6,6,5,5,53.75,5.33333,4.66667,5.5,4.33333,5.06667,24,22,11,11
TR,EN,2,35,5,3,2,2,1,2,6,6,6,6,6,6,6,6,6,3,5,6,2,2,5,7,5,2,3,5,4,4,5,4,5,4,5,3,3,5,5,3,5,4,6,4,5,5,5,5,4,4,5,3,6,5,3,5,3,5,2,7,4,3,3,4,3,5,53.75,4.33333,5.16667,3.75,4.33333,4.36667,12,20,6,9
TR,EN,2,41,5,3,2,1,1,9,6,3,6,6,6,6,6,3,6,6,4,5,5,3,4,4,3,5,5,1,6,4,4,7,5,4,5,4,5,5,5,3,6,7,3,6,6,2,3,4,4,4,6,2,6,3,5,6,7,7,6,7,4,4,4,5,4,6,55,5.16667,3,4.25,4.5,4.43333,22,24,8,11
TR,EN,2,44,2,1,10,1,9,9,6,6,6,6,6,6,6,6,6,6,7,6,4,6,7,7,3,4,5,4,6,2,1,5,7,2,6,3,3,3,6,3,2,2,6,6,4,4,6,4,4,3,4,6,3,4,4,7,4,5,4,6,4,3,4,4,4,4,55,5,4.16667,4,3.5,4.03333,16,21,8,8
TR,EN,2,42,5,3,2,1,1,2,6,6,6,6,6,6,6,6,6,6,7,7,4,5,4,7,4,2,4,4,3,5,5,4,4,4,5,2,4,4,5,4,4,4,4,3,4,3,3,5,4,2,3,7,2,3,4,5,5,5,6,6,5,3,4,4,4,5,55,3.33333,4,4,4,3.8,20,19,8,9
TR,EN,2,29,6,4,7,1,1,9,6,6,6,6,3,6,6,6,6,6,7,7,5,5,6,6,5,7,3,6,6,5,6,6,4,6,4,5,7,6,6,6,5,6,4,6,6,4,2,3,6,5,4,7,5,2,1,5,5,6,5,5,6,4,6,6,6,6,56.25,4.66667,4.66667,5.625,5.33333,5.1,17,20,12,12
TR,EN,2,43,4,4,9,1,1,2,6,6,6,6,6,6,6,6,6,6,6,6,6,5,6,6,5,3,4,1,3,5,1,1,5,4,6,1,6,4,7,3,1,1,4,7,1,3,7,3,4,2,7,2,6,4,7,7,6,7,6,7,6,5,6,5,7,7,57.5,4.33333,3.33333,3.5,3.66667,3.7,25,26,13,12
TR,EN,2,42,3,3,2,1,1,9,6,6,6,6,6,6,6,6,6,6,7,6,7,2,7,5,6,2,6,2,6,6,6,6,1,6,6,2,6,6,6,7,6,6,6,7,5,3,2,6,6,4,6,5,5,5,7,7,7,7,7,7,5,4,7,7,7,7,57.5,4.66667,4.66667,5,5.5,5.06667,26,25,14,14
TR,EN,2,37,6,2,6,1,1,2,6,6,6,6,6,6,6,6,6,6,4,5,2,2,5,7,2,6,5,6,5,2,6,6,6,4,4,4,2,6,5,4,5,3,5,2,6,4,5,4,7,7,2,3,6,3,2,2,3,4,5,6,6,4,2,2,6,6,58.75,3.83333,4.83333,4.125,5,4.5,16,16,8,8
TR,EN,2,31,6,3,2,1,1,9,6,6,6,6,3,6,6,3,3,6,7,7,7,3,7,7,5,3,5,4,3,5,4,3,3,2,4,2,3,5,6,2,6,3,5,5,6,4,4,3,2,3,5,4,2,5,5,4,2,6,5,5,5,5,5,5,5,3,58.75,3.5,4.66667,3.75,3.66667,3.86667,17,20,10,8
TR,EN,2,27,6,1,10,1,1,9,3,2,6,6,6,6,3,6,6,3,7,7,6,6,6,7,5,5,6,3,5,5,3,5,6,6,3,5,3,5,5,3,5,4,6,5,4,3,4,5,5,6,6,6,6,1,4,7,4,7,5,7,6,4,4,6,4,6,60,5.33333,3.5,4.5,4.83333,4.63333,19,25,8,12
TR,EN,2,35,5,4,2,1,1,2,6,2,6,6,6,6,6,6,6,6,7,7,2,1,2,4,1,7,7,5,6,7,4,5,7,2,5,6,5,4,4,4,7,7,4,5,3,1,4,7,4,6,6,6,4,5,2,7,7,7,6,6,7,3,4,4,5,7,60,6.16667,3.83333,4.875,4.5,4.93333,22,23,9,11
TR,EN,2,37,6,4,9,1,1,9,6,6,6,6,6,6,6,6,6,6,7,7,3,7,4,7,4,4,5,5,7,6,5,6,6,6,4,6,6,5,5,5,4,6,4,5,5,4,3,5,6,5,5,5,6,4,4,6,5,6,5,6,6,3,5,6,5,6,61.25,5.66667,4.5,4.625,5.33333,5.06667,20,21,10,12
TR,EN,2,39,5,1,2,1,1,9,6,6,6,6,6,6,6,6,6,6,7,7,7,2,4,4,4,1,6,1,7,7,5,3,7,1,5,7,7,1,7,6,7,6,7,6,6,4,7,6,2,3,7,3,7,7,5,7,7,7,3,7,2,2,2,4,4,5,61.25,6.66667,5.16667,4.75,4,5.1,17,23,6,9
TR,EN,2,44,6,3,1,1,1,2,6,6,6,6,6,6,6,6,6,6,7,7,6,6,7,6,4,5,6,6,5,6,4,6,7,6,6,3,5,7,6,5,6,6,7,5,5,4,4,5,5,5,6,4,6,4,4,7,7,7,5,6,7,2,5,5,5,6,63.75,5.16667,5.16667,4.875,5.5,5.3,23,22,10,11
TR,EN,2,60,6,2,11,1,1,9,6,6,6,6,6,6,6,6,6,6,7,7,7,1,7,7,3,5,6,4,4,7,4,6,6,6,6,4,7,6,5,7,7,6,4,4,3,4,4,6,3,6,4,6,6,4,5,4,5,5,5,4,6,3,7,7,6,5,63.75,4.66667,4.16667,5.625,5.16667,5.1,21,16,13,12
TR,EN,2,32,5,3,2,2,1,2,6,6,6,6,6,6,6,6,6,6,4,7,7,1,5,5,6,6,3,5,5,5,5,4,4,7,4,4,5,5,4,5,5,5,4,3,4,5,2,4,5,6,4,5,4,2,3,6,5,5,6,6,4,2,5,6,5,6,63.75,4,4.16667,4.75,5.16667,4.5,18,19,10,12
TR,EN,2,46,5,4,9,2,1,9,6,3,6,6,6,6,6,1,6,6,7,7,7,3,7,5,2,5,7,6,7,7,7,7,7,6,7,5,6,7,7,7,7,7,7,7,7,5,4,7,5,7,7,7,7,4,2,5,7,7,7,7,7,3,4,4,7,7,65,6.66667,6,5.625,6.5,6.26667,23,22,11,11
TR,EN,2,30,5,3,2,1,1,2,6,6,6,6,6,6,6,6,6,6,5,6,2,5,5,5,5,5,4,5,5,4,4,6,5,5,5,4,4,5,3,3,5,5,3,4,4,4,4,4,4,5,3,6,4,2,2,5,5,6,5,7,5,2,4,6,5,6,65,4.16667,3.5,4.75,4.5,4.3,17,20,9,12
TR,EN,2,32,5,3,1,1,1,2,6,6,6,6,6,6,6,6,6,6,4,5,7,2,3,2,3,5,5,4,7,4,6,6,4,5,2,4,5,6,4,4,4,6,4,4,4,5,6,5,6,6,5,5,6,6,4,6,6,6,6,6,5,6,4,6,5,6,66.25,4.83333,4.83333,4.75,4.5,4.86667,21,24,9,12
TR,EN,2,39,5,3,11,1,1,9,6,6,6,6,6,6,6,6,3,6,6,6,4,6,6,6,4,7,7,7,5,6,7,7,7,7,6,3,7,7,5,6,7,7,7,6,4,4,5,7,7,6,5,4,5,4,2,2,4,7,5,7,4,4,6,7,7,7,67.5,5.5,5.66667,5.875,6,5.86667,15,20,13,14
TR,EN,2,34,6,2,7,1,1,9,6,3,6,6,6,6,6,6,6,6,6,7,5,7,7,7,6,7,7,4,6,7,3,6,7,7,7,1,5,6,5,5,7,4,5,6,7,1,6,7,6,7,6,6,7,1,2,6,6,6,6,6,3,3,6,6,6,6,67.5,5.5,3.16667,6,6.83333,5.5,17,21,12,12
TR,EN,2,45,6,4,9,2,1,2,6,6,6,6,6,6,6,6,6,6,3,6,7,3,3,6,4,5,3,4,6,5,6,6,4,3,4,5,7,3,5,6,5,3,5,4,4,6,5,5,6,6,5,2,5,6,4,7,5,7,5,7,6,3,4,6,4,7,68.75,4.83333,5.33333,5,4.66667,4.76667,20,24,8,13
TR,EN,2,53,6,3,1,1,1,9,3,6,6,6,6,6,6,6,6,6,7,5,7,2,7,6,7,6,6,6,7,3,6,7,7,4,5,6,7,7,5,6,6,7,2,7,4,5,5,6,6,6,7,5,7,3,4,6,6,5,7,4,6,4,5,5,7,5,68.75,6.66667,4.5,6.125,4.66667,5.7,23,19,12,10
TR,EN,2,41,5,3,1,1,1,9,6,6,6,6,3,6,6,6,3,6,7,5,5,1,6,6,6,7,6,5,6,6,4,5,6,6,3,6,6,6,2,6,5,6,2,6,6,3,3,6,3,6,6,6,6,5,3,3,3,2,5,5,4,2,4,4,5,4,70,6,3.5,5.5,5,5.16667,15,12,9,8
TR,EN,2,43,5,1,1,1,9,9,6,6,6,6,6,6,6,6,6,6,6,6,7,2,7,2,4,5,5,3,4,5,5,3,4,5,5,5,5,5,4,6,5,3,4,5,4,4,3,5,5,5,4,6,5,4,4,4,4,4,6,6,6,2,3,3,4,4,71.25,4.5,4,4.625,4.83333,4.5,20,16,7,7
TR,EN,2,40,6,1,2,1,1,9,6,6,6,6,6,6,6,6,2,6,7,7,7,3,6,6,4,3,6,3,6,5,3,2,4,4,4,3,6,5,4,2,6,3,2,6,3,1,2,1,4,4,6,7,3,4,4,7,6,6,7,7,6,4,6,6,6,6,72.5,4.33333,2.83333,4,4,3.86667,23,24,12,12
TR,EN,2,38,6,1,1,1,1,9,6,6,6,6,6,6,6,6,6,6,5,7,1,1,5,7,3,5,5,6,6,4,4,6,4,4,4,5,7,6,4,6,2,6,3,2,5,6,5,5,4,4,5,4,6,1,5,7,3,6,3,6,6,2,3,6,5,6,72.5,4.5,4,4.75,4.16667,4.56667,17,21,8,12
TR,EN,2,45,6,2,2,1,1,9,6,6,6,6,6,6,6,6,6,6,7,7,7,1,7,2,7,7,3,7,5,4,5,6,6,5,3,5,6,5,3,6,5,5,7,5,3,6,2,5,6,4,5,6,7,7,4,1,6,6,5,6,7,1,4,4,4,4,72.5,5.16667,5.83333,5.625,4.16667,5.2,22,14,8,8
TR,EN,2,51,5,4,9,1,1,9,6,6,6,6,6,6,6,6,6,6,7,7,3,3,3,3,5,7,6,1,6,3,5,7,4,2,4,1,6,4,4,7,7,4,6,5,6,5,7,7,7,3,4,7,4,1,2,5,5,6,5,6,7,7,6,5,7,6,73.75,4.5,3.66667,6.625,4.16667,4.83333,19,24,13,11
TR,EN,2,39,6,1,1,1,1,9,6,6,6,6,6,6,6,6,6,6,7,6,7,1,7,7,7,4,4,4,7,4,2,6,6,6,2,2,7,6,7,7,6,4,5,7,4,4,4,6,4,4,7,6,6,4,3,7,5,2,6,6,7,3,6,3,4,4,73.75,5.83333,4.33333,5.875,4,5.06667,21,18,10,7
TR,EN,2,42,5,1,1,1,1,9,6,6,6,6,6,6,6,6,3,6,7,7,7,7,7,7,5,5,3,4,5,5,2,6,6,3,4,4,4,5,5,3,5,5,4,4,4,4,4,4,3,4,6,5,5,3,5,5,6,5,7,5,6,3,5,5,7,6,75,4.83333,3.66667,4.625,3.83333,4.3,24,18,12,11
TR,EN,2,35,5,3,11,2,1,9,3,1,6,6,6,6,6,6,3,6,7,7,4,4,7,7,5,7,5,4,7,7,5,3,7,6,5,3,6,6,5,7,7,4,4,7,6,4,4,6,7,3,7,7,7,4,5,5,5,5,5,5,5,3,5,5,5,5,76.25,6.16667,4.33333,5.75,5.66667,5.5,20,18,10,10
TR,EN,2,26,5,3,12,1,1,9,6,3,6,6,6,6,6,6,6,6,7,7,4,5,6,7,6,7,4,6,6,5,6,5,3,6,5,6,7,7,5,6,7,4,5,5,5,4,2,4,5,5,5,6,6,5,5,7,4,6,6,5,4,4,4,4,5,5,76.25,4.83333,5.16667,5.75,5.16667,5.26667,19,22,9,9
TR,EN,2,51,4,3,1,1,1,9,6,9,6,6,6,6,6,6,6,6,7,7,7,4,7,4,7,5,4,5,7,6,5,5,4,6,4,3,5,5,5,5,3,6,5,6,5,5,4,5,5,4,6,5,6,4,3,3,7,7,7,7,5,4,5,5,5,5,76.25,5.16667,4.83333,4.875,5,5,22,21,10,10
TR,EN,2,44,6,3,11,1,1,9,6,3,6,6,6,6,6,6,6,6,7,4,7,2,7,4,4,6,4,5,7,6,6,6,6,6,5,6,7,6,6,6,5,6,6,6,5,4,6,5,6,5,6,5,6,6,4,4,5,5,6,6,6,5,4,4,6,6,76.25,6,5.5,5.625,5.5,5.63333,21,20,10,10
TR,EN,2,37,6,4,7,1,1,9,3,3,6,6,6,6,6,6,6,6,7,7,7,3,7,6,7,3,4,3,1,6,7,4,1,4,1,1,7,7,7,7,6,4,4,1,4,4,4,1,4,4,2,4,7,1,4,4,7,6,7,7,5,3,6,6,7,7,77.5,1.16667,4.33333,5.25,3.83333,4,23,20,13,13
TR,EN,2,36,5,3,3,1,1,9,9,6,6,6,6,6,6,6,3,6,7,7,4,5,4,4,5,6,6,2,2,3,4,6,5,3,5,2,7,5,2,7,7,6,4,5,1,6,4,5,6,4,5,7,6,2,3,5,6,5,5,5,6,2,6,6,6,6,77.5,4,3.33333,6.125,3.66667,4.6,20,17,12,12
TR,EN,2,49,5,3,12,1,1,9,6,6,6,6,6,6,6,6,6,6,7,7,4,7,7,7,7,7,7,3,5,7,4,7,7,6,7,6,7,7,5,6,7,5,6,5,3,5,7,6,4,5,4,7,6,4,5,5,6,6,6,6,7,4,6,6,7,7,78.75,5.5,4.5,6.875,5.33333,5.73333,24,21,13,13
TR,EN,2,35,6,2,3,1,1,9,6,3,6,6,6,6,6,6,6,3,7,2,7,2,7,3,7,1,7,3,7,5,6,7,5,6,6,5,6,6,6,6,6,6,6,6,6,6,5,6,6,6,6,7,6,4,4,4,4,4,5,6,6,4,4,4,5,5,78.75,5.83333,5.16667,5.625,5.83333,5.7,19,18,9,9
TR,EN,2,31,6,4,7,1,1,9,6,3,6,6,6,6,6,6,6,6,5,7,3,7,4,7,3,4,5,4,3,2,7,6,6,7,4,4,3,4,5,4,4,5,4,3,7,1,7,6,7,3,4,1,6,1,6,7,7,7,3,5,4,4,4,5,6,6,78.75,4.33333,3.66667,4,5,4.33333,20,23,10,11
TR,EN,2,53,5,1,4,1,1,2,6,3,6,6,6,6,6,6,6,6,7,7,7,3,7,7,4,3,4,5,3,5,5,3,6,2,5,3,6,2,3,5,6,2,4,4,5,5,3,5,2,5,5,3,5,5,5,5,5,5,3,6,6,2,6,5,5,6,78.75,4.33333,4.5,4.125,4,4.1,19,18,11,11
TR,EN,2,40,6,3,11,1,1,9,6,6,6,6,6,6,6,6,6,6,7,5,4,2,7,7,6,6,6,6,7,6,6,6,7,7,6,7,7,6,6,6,6,4,6,7,5,5,5,7,6,4,6,7,7,5,7,7,6,7,7,7,4,2,5,5,7,7,78.75,6.83333,5.66667,6.125,5.66667,6.03333,24,23,12,12
TR,EN,2,29,5,1,4,1,1,9,3,6,6,6,6,6,6,6,6,6,7,7,7,4,7,4,7,7,7,6,7,6,4,5,7,7,7,6,7,6,5,7,7,6,6,6,6,6,6,7,7,5,7,7,7,5,4,7,4,5,7,6,6,1,6,4,7,4,78.75,6.66667,5.33333,6.625,6.33333,6.3,21,19,13,8
TR,EN,2,49,5,3,2,1,1,9,9,6,6,6,6,6,6,6,3,6,7,4,7,1,7,6,6,6,4,6,7,5,4,7,6,6,5,7,6,7,5,7,5,7,5,7,4,6,6,5,4,6,6,6,7,3,5,5,6,6,7,7,4,3,7,7,7,7,80,6.33333,4.83333,6.125,5,5.7,22,21,14,14
TR,EN,2,39,6,4,6,2,1,9,6,6,6,6,2,6,6,6,6,6,6,7,4,1,7,7,7,6,6,6,7,5,5,7,7,7,6,3,7,7,6,7,6,6,4,6,6,7,3,6,6,7,6,7,5,4,5,5,5,5,7,3,5,1,7,5,6,6,80,5.83333,5.33333,6.25,6.16667,5.93333,22,14,13,11
TR,EN,2,45,5,3,11,2,1,9,6,6,6,6,6,6,6,6,6,6,7,7,7,7,7,7,6,7,6,7,7,7,7,7,7,7,5,7,7,7,6,7,6,6,7,7,7,6,2,6,6,6,6,7,6,5,4,6,6,6,7,7,7,5,5,6,7,7,81.25,6.66667,6.33333,6.125,6.33333,6.33333,24,24,12,13
TR,EN,2,41,6,1,2,1,1,9,3,2,6,6,6,6,6,6,6,6,7,7,2,7,3,7,4,5,5,6,7,6,4,6,6,7,6,3,7,6,3,7,6,6,6,7,5,6,4,6,7,7,7,7,5,6,3,7,7,7,7,7,7,4,3,7,2,7,81.25,6,5.16667,5.75,6.33333,5.76667,24,25,5,14
TR,EN,2,30,5,1,3,2,1,9,3,9,6,6,3,6,6,6,3,6,5,6,5,2,2,2,5,7,6,6,4,6,6,6,6,4,3,6,5,7,4,3,6,6,5,4,5,5,5,6,7,4,5,4,6,6,1,4,3,4,5,2,4,1,1,1,5,2,81.25,5.16667,5.33333,5.125,4.83333,5.26667,13,11,6,3
TR,EN,2,52,5,3,1,1,1,9,6,6,6,6,6,6,6,6,6,3,7,7,7,7,7,7,4,4,5,6,7,5,6,7,5,3,5,3,6,4,3,6,5,3,5,4,4,3,2,4,6,4,6,7,6,4,7,7,7,7,7,7,5,2,7,7,7,7,82.5,4.83333,4.5,5.125,4.5,4.73333,26,23,14,14
TR,EN,2,54,6,1,3,1,1,9,6,6,6,6,3,6,6,6,3,6,7,6,7,6,7,7,6,3,6,5,6,3,4,3,6,5,5,6,6,6,5,6,6,6,5,6,6,4,5,6,4,4,6,6,6,6,5,5,6,6,6,7,5,4,5,5,5,6,83.75,6,4.83333,5.125,4.5,5.23333,22,22,10,11
TR,EN,2,31,6,4,7,1,1,9,6,6,6,6,6,6,6,6,6,6,7,7,7,3,7,7,5,6,3,2,3,2,1,2,4,5,5,2,7,5,3,5,5,3,2,3,2,2,5,4,2,5,2,4,3,1,5,7,6,7,6,7,7,3,6,7,6,7,85,3,1.83333,4.875,3.5,3.43333,24,24,12,14
TR,EN,2,63,5,1,1,1,1,9,6,3,6,6,6,6,6,6,6,6,7,3,7,2,7,3,7,7,6,6,7,6,6,7,7,7,4,7,7,6,6,7,7,6,6,7,5,5,1,6,6,5,7,7,7,6,5,2,6,6,7,7,6,2,5,2,7,6,88.75,6.83333,5.83333,6.25,5.5,6.13333,24,17,12,8
TR,EN,2,41,6,3,2,1,1,9,6,6,6,6,6,6,6,6,6,6,7,4,7,1,7,2,4,6,5,6,5,6,4,6,7,5,3,6,7,6,5,7,7,4,3,5,5,4,4,5,6,7,6,7,7,4,5,5,4,4,5,5,6,2,4,4,4,4,90,5.66667,4.33333,6,5.33333,5.4,20,16,8,8
TR,EN,2,43,5,3,2,1,1,9,6,6,6,6,6,6,6,6,6,6,7,6,7,4,7,2,6,4,6,4,5,6,6,5,5,6,4,5,6,4,4,3,4,5,4,4,5,5,3,4,6,4,4,6,5,3,6,7,6,7,3,6,5,4,4,4,3,6,90,4.5,4.33333,4.625,5.16667,4.7,20,24,7,10
TR,EN,2,42,6,1,2,1,1,9,6,6,6,6,6,6,6,6,6,6,7,7,7,5,7,7,4,6,4,4,5,5,4,4,6,5,2,4,6,4,3,6,5,4,6,5,2,4,3,5,3,5,4,5,4,3,4,7,7,4,7,7,7,3,5,5,7,7,90,4.83333,4,4.875,3.66667,4.33333,25,21,12,12
TR,EN,2,44,6,4,9,1,1,9,6,6,6,6,6,6,6,6,6,6,6,6,5,5,5,5,5,3,5,3,1,6,3,7,4,3,3,4,7,1,1,1,1,1,7,1,1,4,1,1,1,4,1,6,4,1,4,3,5,5,5,5,6,2,5,5,6,6,90,2,3.16667,3.875,3,3.03333,20,15,11,11
TR,EN,2,42,6,1,3,1,1,9,6,3,6,6,6,6,6,6,6,6,7,6,6,3,7,7,7,7,4,3,6,5,3,3,7,5,5,6,4,7,3,6,6,3,5,6,4,3,4,7,6,6,7,5,7,5,3,5,5,3,6,5,5,2,4,4,5,6,91.25,6.5,3.66667,5.25,5.16667,5.16667,19,15,9,10
TR,EN,2,55,6,2,2,1,1,9,6,6,6,6,6,6,6,6,6,6,7,6,7,7,7,7,2,5,5,6,2,5,3,3,5,2,5,4,6,3,5,3,4,2,6,6,6,4,3,5,3,5,6,2,5,2,5,5,4,4,5,3,6,2,4,4,6,6,91.25,4.66667,4.33333,3.5,4.33333,4.1,20,14,10,10
TR,EN,2,60,6,1,1,1,1,9,6,6,6,6,6,6,6,6,6,6,7,3,6,5,6,4,7,7,7,4,4,7,4,1,7,4,4,6,6,2,4,7,7,4,4,6,6,2,6,6,2,4,4,7,6,6,2,2,2,2,3,3,3,3,2,2,2,2,91.25,5.5,4,6,4.5,5.03333,10,10,4,4
TR,EN,2,49,5,3,1,1,1,2,6,6,6,6,6,6,6,6,6,6,7,7,7,2,7,7,2,4,4,4,6,5,3,5,5,4,5,5,6,6,4,6,5,4,3,2,2,4,5,4,4,6,5,6,4,5,2,2,3,3,7,5,7,2,3,3,7,7,91.25,4.5,3.83333,4.875,4.33333,4.43333,19,12,10,10
TR,EN,2,45,6,2,3,1,1,9,2,3,6,6,2,6,6,6,2,6,7,7,7,2,7,5,7,6,5,5,7,6,5,6,6,6,5,6,7,6,5,7,6,6,5,6,6,5,3,5,6,6,6,6,6,4,5,5,6,4,6,4,6,4,5,4,4,5,92.5,6,4.83333,6,5.83333,5.7,23,17,9,9
TR,EN,2,38,5,3,11,1,1,9,6,6,6,6,6,6,6,6,3,6,7,7,7,2,7,7,5,6,7,5,7,6,6,5,7,3,2,4,6,6,5,5,7,7,7,7,6,3,6,7,7,5,7,3,7,7,6,6,7,7,7,7,5,3,7,7,7,7,92.5,6.5,5.5,5.375,4.83333,5.7,25,23,14,14
TR,EN,2,50,5,1,3,1,1,9,6,6,6,6,6,6,6,6,6,6,6,6,7,6,7,4,1,4,7,6,4,4,7,6,6,3,4,5,5,6,7,4,6,7,4,4,4,4,6,7,2,4,4,4,2,7,4,6,6,6,4,4,4,4,5,5,5,5,92.5,5,5.83333,4.5,3.5,4.8,18,20,10,10
TR,EN,2,38,6,1,3,2,1,9,6,3,6,6,6,6,6,6,3,6,7,7,7,7,7,7,7,7,7,7,7,7,7,7,7,7,4,4,7,5,7,7,7,7,7,7,7,5,7,7,7,7,5,7,5,5,7,7,7,7,6,7,4,4,7,7,7,7,95,6.16667,6.33333,7,6.5,6.46667,24,25,14,14
TR,EN,2,47,6,2,11,1,1,9,3,6,6,6,6,6,6,6,6,6,7,6,6,1,7,7,7,7,7,7,7,6,5,7,6,6,6,7,7,6,6,7,6,6,6,6,5,6,2,6,6,6,7,7,7,3,4,7,3,7,7,7,5,5,4,4,7,7,95,6.5,5.5,6.25,5.83333,6.1,19,26,11,11
TR,EN,2,38,5,1,2,1,1,9,3,6,6,6,2,6,6,6,6,6,7,7,5,2,5,5,6,6,7,4,6,5,6,6,6,4,4,4,7,6,5,2,6,6,4,6,4,6,5,6,4,6,5,4,6,3,4,4,4,4,6,6,5,4,4,4,4,4,95,5.5,4.66667,5.25,4.5,5.16667,19,18,8,8
TR,EN,2,38,6,4,9,2,1,9,2,3,6,6,6,6,6,6,2,6,7,7,7,2,7,7,6,7,5,5,6,5,5,6,6,6,6,4,6,6,6,6,6,6,6,5,5,4,5,5,3,5,5,4,7,4,5,5,7,7,7,7,5,1,6,6,6,6,96.25,5.16667,5,5.75,5,5.36667,24,20,12,12
TR,EN,2,43,5,1,2,1,1,9,2,6,6,6,6,3,6,6,6,6,7,5,7,7,7,7,6,5,4,3,7,5,4,4,5,5,6,6,7,7,3,7,5,5,3,6,6,4,2,3,4,5,6,7,6,3,4,7,5,6,5,5,6,2,5,5,5,5,96.25,5.5,3.33333,5.375,5.16667,4.96667,20,20,10,10
TR,EN,2,43,6,1,2,1,1,9,6,3,6,6,6,6,6,6,6,6,7,7,7,2,7,7,7,7,6,6,7,7,4,7,7,7,7,7,7,7,6,7,7,7,7,7,7,4,2,7,2,6,6,7,7,4,4,4,6,6,6,6,4,4,6,6,4,4,96.25,6.83333,5.16667,6.375,6,6.2,20,20,10,10
TR,EN,2,37,5,3,11,1,1,9,3,2,6,6,3,2,3,6,3,6,7,4,7,1,7,3,4,6,3,4,4,6,5,3,5,2,6,2,7,3,4,6,5,3,4,4,6,4,4,4,6,4,4,4,6,5,7,2,7,3,7,2,7,2,7,2,7,2,97.5,3.83333,4.33333,4.875,5,4.43333,28,9,14,4
TR,EN,1,31,5,1,3,1,1,9,3,6,6,6,2,6,6,6,6,6,7,7,7,5,7,3,7,7,6,6,6,6,6,7,7,7,7,2,7,7,5,7,7,7,6,6,5,5,2,4,6,7,6,7,7,7,1,3,5,5,7,7,6,2,3,6,6,6,97.5,5.16667,5.83333,6.375,6.33333,6.06667,19,17,9,12
TR,EN,2,39,4,4,9,1,1,9,6,6,6,6,6,6,6,6,6,6,7,6,6,6,6,6,6,6,4,6,6,5,4,6,6,3,5,4,6,5,4,4,6,4,6,6,5,4,5,6,3,4,6,4,6,2,5,5,5,5,5,5,5,5,4,4,5,5,98.75,5.66667,4.33333,5.375,4.16667,4.9,20,20,9,9
